seed,agent,condition,variant,step,episode_return,episode_steps,loss,eval_success_rate,eval_avg_return,eval_avg_steps
2,sr,reward_change,wonly_qmargin,1,-0.4999999888241291,50,0.0,,,
2,sr,reward_change,wonly_qmargin,2,-0.4999999888241291,50,8.620348808108247e-07,,,
2,sr,reward_change,wonly_qmargin,3,-0.4999999888241291,50,5.546400227984805e-09,,,
2,sr,reward_change,wonly_qmargin,4,-0.4999999888241291,50,4.254320895569208e-09,,,
2,sr,reward_change,wonly_qmargin,5,-0.4999999888241291,50,8.948348173554166e-10,0.0,-0.4999999888241291,50.0
2,sr,reward_change,wonly_qmargin,6,-0.4999999888241291,50,3.4617846367268612e-09,,,
2,sr,reward_change,wonly_qmargin,7,-0.4999999888241291,50,2.1328865340564107e-09,,,
2,sr,reward_change,wonly_qmargin,8,-0.4999999888241291,50,2.2719488512734642e-09,,,
2,sr,reward_change,wonly_qmargin,9,-0.4999999888241291,50,2.9356523878476537e-09,,,
2,sr,reward_change,wonly_qmargin,10,-0.4999999888241291,50,3.587923291803463e-09,0.0,-0.4999999888241291,50.0
2,sr,reward_change,wonly_qmargin,11,-0.4999999888241291,50,3.941492465742158e-08,,,
2,sr,reward_change,wonly_qmargin,12,-0.4999999888241291,50,9.745895646062763e-09,,,
2,sr,reward_change,wonly_qmargin,13,-0.4999999888241291,50,1.0853312026881667e-08,,,
2,sr,reward_change,wonly_qmargin,14,-0.4999999888241291,50,1.1233933783216798e-08,,,
2,sr,reward_change,wonly_qmargin,15,-0.4999999888241291,50,4.77552646316326e-07,0.0,-0.4999999888241291,50.0
2,sr,reward_change,wonly_qmargin,16,-0.4999999888241291,50,1.843281083324655e-09,,,
2,sr,reward_change,wonly_qmargin,17,-0.4999999888241291,50,2.277949278095548e-07,,,
2,sr,reward_change,wonly_qmargin,18,-0.4999999888241291,50,2.545462685077382e-08,,,
2,sr,reward_change,wonly_qmargin,19,-0.4999999888241291,50,8.676641627403114e-09,,,
2,sr,reward_change,wonly_qmargin,20,-0.4999999888241291,50,6.304620825403617e-08,0.0,-0.4999999888241291,50.0
2,sr,reward_change,wonly_qmargin,21,-0.4999999888241291,50,1.6964766258453778e-09,,,
2,sr,reward_change,wonly_qmargin,22,-0.4999999888241291,50,1.6927877766192978e-07,,,
2,sr,reward_change,wonly_qmargin,23,-0.4999999888241291,50,3.9344296709487026e-09,,,
2,sr,reward_change,wonly_qmargin,24,-0.4999999888241291,50,1.3890900651958304e-09,,,
2,sr,reward_change,wonly_qmargin,25,-0.4999999888241291,50,3.404595361189422e-07,0.0,-0.4999999888241291,50.0
2,sr,reward_change,wonly_qmargin,26,-0.4999999888241291,50,2.6701632016568055e-09,,,
2,sr,reward_change,wonly_qmargin,27,-0.4999999888241291,50,3.7162997124084995e-09,,,
2,sr,reward_change,wonly_qmargin,28,-0.4999999888241291,50,1.765014578936075e-09,,,
2,sr,reward_change,wonly_qmargin,29,-0.4999999888241291,50,6.765475735193149e-09,,,
2,sr,reward_change,wonly_qmargin,30,-0.4999999888241291,50,1.1261627186343048e-09,0.0,-0.4999999888241291,50.0
2,sr,reward_change,wonly_qmargin,31,-0.4999999888241291,50,7.156628623050665e-10,,,
2,sr,reward_change,wonly_qmargin,32,-0.4999999888241291,50,2.675032972909719e-10,,,
2,sr,reward_change,wonly_qmargin,33,-0.4999999888241291,50,2.0124950594890834e-09,,,
2,sr,reward_change,wonly_qmargin,34,-0.4999999888241291,50,1.5379491014044788e-09,,,
2,sr,reward_change,wonly_qmargin,35,-0.4999999888241291,50,1.729442544728954e-08,0.0,-0.4999999888241291,50.0
2,sr,reward_change,wonly_qmargin,36,0.5300000105053186,48,1.2440544594483072e-08,,,
2,sr,reward_change,wonly_qmargin,37,-0.4999999888241291,50,1.5982908330158807e-09,,,
2,sr,reward_change,wonly_qmargin,38,-0.4999999888241291,50,1.0766073588186487e-09,,,
2,sr,reward_change,wonly_qmargin,39,-0.4999999888241291,50,2.9828183301106037e-07,,,
2,sr,reward_change,wonly_qmargin,40,-0.4999999888241291,50,3.3936736087980535e-08,0.0,-0.4999999888241291,50.0
2,sr,reward_change,wonly_qmargin,41,-0.4999999888241291,50,1.583000812388491e-05,,,
2,sr,reward_change,wonly_qmargin,42,-0.4999999888241291,50,1.7020706621906356e-08,,,
2,sr,reward_change,wonly_qmargin,43,-0.4999999888241291,50,8.220459858421236e-05,,,
2,sr,reward_change,wonly_qmargin,44,-0.4999999888241291,50,2.027938927895434e-09,,,
2,sr,reward_change,wonly_qmargin,45,-0.4999999888241291,50,8.710875221140668e-08,0.0,-0.4999999888241291,50.0
2,sr,reward_change,wonly_qmargin,46,-0.4999999888241291,50,7.537551027780864e-09,,,
2,sr,reward_change,wonly_qmargin,47,-0.4999999888241291,50,3.808207527100649e-09,,,
2,sr,reward_change,wonly_qmargin,48,-0.4999999888241291,50,8.55584225689654e-09,,,
2,sr,reward_change,wonly_qmargin,49,-0.4999999888241291,50,0.00010144078260054812,,,
2,sr,reward_change,wonly_qmargin,50,-0.4999999888241291,50,1.4030354655858446e-08,0.0,-0.4999999888241291,50.0
2,sr,reward_change,wonly_qmargin,51,-0.4999999888241291,50,0.0002532822254579514,,,
2,sr,reward_change,wonly_qmargin,52,-0.4999999888241291,50,1.2051488695874468e-08,,,
2,sr,reward_change,wonly_qmargin,53,-0.4999999888241291,50,3.355336453125801e-09,,,
2,sr,reward_change,wonly_qmargin,54,-0.4999999888241291,50,1.89806037553808e-09,,,
2,sr,reward_change,wonly_qmargin,55,-0.4999999888241291,50,2.005329520216037e-07,0.0,-0.4999999888241291,50.0
2,sr,reward_change,wonly_qmargin,56,-0.4999999888241291,50,3.437790885296721e-10,,,
2,sr,reward_change,wonly_qmargin,57,-0.4999999888241291,50,1.9628277669880845e-08,,,
2,sr,reward_change,wonly_qmargin,58,-0.4999999888241291,50,2.4616387150899754e-08,,,
2,sr,reward_change,wonly_qmargin,59,-0.4999999888241291,50,1.0712537523716037e-09,,,
2,sr,reward_change,wonly_qmargin,60,-0.4999999888241291,50,1.776461466818091e-08,0.0,-0.4999999888241291,50.0
