seed,episode,global_step,epsilon,episode_return,episode_steps,buffer_size,reward_weights_norm,sr_loss,reward_loss,total_loss,mean_q,margin_loss,mean_q_gap
2,1,50,0.9968333333333333,-0.4999999888241291,50,50,0.0,0.0,0.0,0.0,0.0,,
2,2,93,0.9936666666666667,0.5800000093877316,43,93,0.0,0.0,0.0,0.0,0.0,,
2,3,143,0.9905,-0.4999999888241291,50,143,0.10815306007862091,0.021034857258200645,0.029812902212142944,0.17009936273097992,0.05317701771855354,0.0,0.10471685975790024
2,4,193,0.9873333333333333,-0.4999999888241291,50,193,0.14654766023159027,0.009950167499482632,1.1280861144769005e-05,0.010006572119891644,0.2657701373100281,0.0,0.10687269270420074
2,5,243,0.9841666666666666,-0.4999999888241291,50,243,0.17504484951496124,0.003662257455289364,4.428807642398169e-06,0.003684401512145996,0.5032073855400085,0.0,0.12478695809841156
2,6,293,0.981,-0.4999999888241291,50,293,0.20123037695884705,0.004030332434922457,3.064793418161571e-06,0.00404565641656518,0.739578902721405,0.0,0.14103224873542786
2,7,343,0.9778333333333333,-0.4999999888241291,50,343,0.23055435717105865,0.007286855019629002,1.1816416645160643e-06,0.007292763330042362,0.9850928783416748,0.0,0.11168810725212097
2,8,373,0.9746666666666667,0.7100000064820051,30,373,0.24315966665744781,0.041730742901563644,5.696973857993726e-06,0.041759226471185684,1.095010757446289,0.0,0.11393974721431732
2,9,423,0.9715,-0.4999999888241291,50,423,0.2733587920665741,0.09617234021425247,6.440140714403242e-05,0.09649434685707092,1.322340488433838,0.0,0.18954959511756897
2,10,473,0.9683333333333334,-0.4999999888241291,50,473,0.31018558144569397,0.1218489333987236,1.9903958673239686e-05,0.12194845080375671,1.551518440246582,0.0,0.13892123103141785
2,11,523,0.9651666666666666,-0.4999999888241291,50,523,0.3301657736301422,0.06848511099815369,1.533130489406176e-05,0.06856177002191544,1.611876368522644,0.0,0.12102784961462021
2,12,573,0.962,-0.4999999888241291,50,573,0.35442620515823364,0.01188947819173336,3.1669792406319175e-06,0.011905313469469547,1.7327194213867188,0.0,0.11269041150808334
2,13,623,0.9588333333333333,-0.4999999888241291,50,623,0.38296738266944885,0.12390078604221344,5.5831915233284235e-06,0.12392870336771011,1.7960829734802246,0.0,0.10898207128047943
2,14,673,0.9556666666666667,-0.4999999888241291,50,673,0.402355819940567,0.015125993639230728,9.4686183729209e-06,0.015173336490988731,1.7487208843231201,0.0,0.13221436738967896
2,15,723,0.9525,-0.4999999888241291,50,723,0.4232533574104309,0.06129079684615135,4.803344381798524e-06,0.061314813792705536,1.787149429321289,0.0,0.10996301472187042
2,16,773,0.9493333333333334,-0.4999999888241291,50,773,0.44747623801231384,0.06660579144954681,0.012116216123104095,0.1271868646144867,1.8653137683868408,0.0,0.13267961144447327
2,17,823,0.9461666666666667,-0.4999999888241291,50,823,0.4673428237438202,0.0408167764544487,1.416384293406736e-06,0.040823858231306076,1.921349048614502,0.0,0.12756630778312683
2,18,873,0.9430000000000001,-0.4999999888241291,50,873,0.48313605785369873,0.05741504579782486,1.0741585356299765e-05,0.05750523507595062,1.7423102855682373,7.296656258404255e-05,0.13948987424373627
2,19,923,0.9398333333333333,-0.4999999888241291,50,923,0.5059019327163696,0.01697053760290146,0.009935157373547554,0.06664632260799408,1.748578667640686,0.0,0.1427420675754547
2,20,973,0.9366666666666666,-0.4999999888241291,50,973,0.5220816731452942,0.009642262011766434,8.308084034069907e-06,0.009683802723884583,1.6590464115142822,0.0,0.14544034004211426
2,21,1023,0.9335,-0.4999999888241291,50,1023,0.5346440672874451,0.023472076281905174,1.1640696357062552e-05,0.023530280217528343,1.5694115161895752,0.0,0.1331489533185959
2,22,1073,0.9303333333333333,-0.4999999888241291,50,1073,0.5453668832778931,0.016776951029896736,5.4976713727228343e-05,0.017236236482858658,1.471940279006958,0.00036880536936223507,0.12313271313905716
2,23,1123,0.9271666666666667,-0.4999999888241291,50,1123,0.551506519317627,0.010146578773856163,1.1363117664586753e-05,0.01020339410752058,1.41343355178833,0.0,0.13689596951007843
2,24,1173,0.924,-0.4999999888241291,50,1173,0.5648339986801147,0.012698889710009098,4.678832738136407e-06,0.012742405757308006,1.569562315940857,4.0243612602353096e-05,0.11586584895849228
2,25,1223,0.9208333333333334,-0.4999999888241291,50,1223,0.5797968506813049,0.009406829252839088,7.128117431420833e-06,0.009442470036447048,1.645480990409851,0.0,0.2258227914571762
2,26,1273,0.9176666666666666,-0.4999999888241291,50,1273,0.5910491347312927,0.006530743557959795,2.0058008885825984e-05,0.00663103349506855,1.7357839345932007,0.0,0.20263832807540894
2,27,1323,0.9145,-0.4999999888241291,50,1323,0.6067720055580139,0.010339695028960705,0.006983767729252577,0.0452585332095623,1.8411675691604614,0.0,0.20768646895885468
2,28,1373,0.9113333333333333,-0.4999999888241291,50,1373,0.6250595450401306,0.009554622694849968,1.2306967619224451e-05,0.009616157971322536,2.1234493255615234,0.0,0.16199906170368195
2,29,1423,0.9081666666666667,-0.4999999888241291,50,1423,0.6305176019668579,0.042918380349874496,1.1849792826978955e-05,0.04297763109207153,2.0112085342407227,0.0,0.14152657985687256
2,30,1473,0.905,-0.4999999888241291,50,1473,0.6244813203811646,0.0077262516133487225,6.988338100200053e-06,0.007761193439364433,2.050039052963257,0.0,0.13060617446899414
2,31,1523,0.9018333333333334,-0.4999999888241291,50,1523,0.6455250382423401,0.01515985932201147,1.2956425052834675e-05,0.015224641188979149,2.1839184761047363,0.0,0.13982774317264557
2,32,1573,0.8986666666666667,-0.4999999888241291,50,1573,0.6526123881340027,0.09264828264713287,1.5577948943246156e-05,0.09272617101669312,2.0355095863342285,0.0,0.1427529752254486
2,33,1623,0.8955,-0.4999999888241291,50,1623,0.656831681728363,0.025212425738573074,1.4062488844501786e-05,0.025282738730311394,1.8522242307662964,0.0,0.26377177238464355
2,34,1673,0.8923333333333333,-0.4999999888241291,50,1673,0.6562385559082031,0.010562751442193985,6.1152059060987085e-06,0.010744566097855568,1.882810354232788,0.00030247587710618973,0.13465827703475952
2,35,1723,0.8891666666666667,-0.4999999888241291,50,1723,0.6595685482025146,0.010313712991774082,1.5943982361932285e-05,0.010393433272838593,1.8435829877853394,0.0,0.16565288603305817
2,36,1773,0.886,-0.4999999888241291,50,1773,0.6651387810707092,0.010855649597942829,7.821800863894168e-06,0.010916367173194885,1.8254121541976929,4.3216394260525703e-05,0.16006366908550262
2,37,1823,0.8828333333333334,-0.4999999888241291,50,1823,0.6796201467514038,0.04058358445763588,1.9767594494624063e-06,0.0405934676527977,2.1141700744628906,0.0,0.17235253751277924
2,38,1873,0.8796666666666667,-0.4999999888241291,50,1873,0.6819868087768555,0.04516841471195221,2.3466553102480248e-05,0.045285746455192566,1.9992796182632446,0.0,0.1665099561214447
2,39,1923,0.8765000000000001,-0.4999999888241291,50,1923,0.6957460641860962,0.012238995172083378,5.958563178865006e-06,0.012268788181245327,2.1786797046661377,0.0,0.1699461042881012
2,40,1973,0.8733333333333333,-0.4999999888241291,50,1973,0.7067520022392273,0.14497452974319458,1.2937455721839797e-05,0.14503921568393707,2.0948166847229004,0.0,0.2278067171573639
2,41,2023,0.8701666666666666,-0.4999999888241291,50,2023,0.7253578901290894,0.13668224215507507,1.19744727271609e-05,0.13674211502075195,2.1351187229156494,0.0,0.1830730438232422
2,42,2073,0.867,-0.4999999888241291,50,2073,0.7319031357765198,0.01603640802204609,2.9243610697449185e-06,0.016051029786467552,2.27207088470459,0.0,0.1733589768409729
2,43,2123,0.8638333333333333,-0.4999999888241291,50,2123,0.7404246926307678,0.012980863451957703,4.835068466491066e-06,0.013005038723349571,2.2518162727355957,0.0,0.2500207722187042
2,44,2173,0.8606666666666667,-0.4999999888241291,50,2173,0.7532429695129395,0.010889293625950813,7.946431651362218e-06,0.010929025709629059,2.184976100921631,0.0,0.23226040601730347
2,45,2223,0.8575,-0.4999999888241291,50,2223,0.7543760538101196,0.0488184355199337,6.9539837568299845e-06,0.048853203654289246,2.1801137924194336,0.0,0.23259717226028442
2,46,2273,0.8543333333333334,-0.4999999888241291,50,2273,0.7600240111351013,0.049550674855709076,7.380325314443326e-06,0.04958757758140564,2.2013275623321533,0.0,0.16085457801818848
2,47,2323,0.8511666666666666,-0.4999999888241291,50,2323,0.7607736587524414,0.01951778493821621,5.073997272120323e-06,0.019543154165148735,2.2731151580810547,0.0,0.22843337059020996
2,48,2373,0.848,-0.4999999888241291,50,2373,0.7650401592254639,0.021655702963471413,0.003769485279917717,0.04050312936306,2.0178191661834717,0.0,0.16328363120555878
2,49,2423,0.8448333333333333,-0.4999999888241291,50,2423,0.7676722407341003,0.0529610738158226,9.897802556224633e-06,0.05301056429743767,2.1562392711639404,0.0,0.2574320435523987
2,50,2473,0.8416666666666667,-0.4999999888241291,50,2473,0.7796971201896667,0.020509256049990654,4.705613719124813e-06,0.02053278498351574,2.3217716217041016,0.0,0.13328523933887482
2,51,2523,0.8385,-0.4999999888241291,50,2523,0.7837274670600891,0.14723961055278778,2.1694846509490162e-05,0.147348091006279,2.1231305599212646,0.0,0.29533490538597107
2,52,2573,0.8353333333333334,-0.4999999888241291,50,2573,0.7955555319786072,0.26110050082206726,9.21284663490951e-06,0.26114657521247864,2.192859649658203,0.0,0.2483551800251007
2,53,2623,0.8321666666666667,-0.4999999888241291,50,2623,0.7967731952667236,0.15296897292137146,5.983952632959699e-06,0.1529988944530487,2.0483710765838623,0.0,0.3053181767463684
2,54,2673,0.829,-0.4999999888241291,50,2673,0.8046236038208008,0.20304398238658905,6.79394406688516e-06,0.20307795703411102,2.180042266845703,0.0,0.15598496794700623
2,55,2723,0.8258333333333334,-0.4999999888241291,50,2723,0.8066589832305908,0.2626859247684479,9.899956239678431e-06,0.26273542642593384,1.9347325563430786,0.0,0.1407065987586975
2,56,2773,0.8226666666666667,-0.4999999888241291,50,2773,0.8080858588218689,0.013411412015557289,1.5973346307873726e-05,0.013491278514266014,2.20810604095459,0.0,0.13739387691020966
2,57,2823,0.8195,-0.4999999888241291,50,2823,0.8096213936805725,0.10061747580766678,1.5818217434571125e-05,0.10069656372070312,2.0326693058013916,0.0,0.20298722386360168
2,58,2873,0.8163333333333334,-0.4999999888241291,50,2873,0.8047691583633423,0.017101267352700233,8.466286089969799e-06,0.017143599689006805,2.0606725215911865,0.0,0.18327964842319489
2,59,2923,0.8131666666666667,-0.4999999888241291,50,2923,0.8138235807418823,0.1711806356906891,1.4455033124249894e-05,0.17125290632247925,2.1216201782226562,0.0,0.1614169031381607
2,60,2973,0.81,-0.4999999888241291,50,2973,0.8112539649009705,0.016651077196002007,2.741579919529613e-05,0.01678815670311451,2.0119824409484863,0.0,0.2458137720823288
2,61,3023,0.8068333333333333,-0.4999999888241291,50,3023,0.813359260559082,0.1311737596988678,7.132960308808833e-05,0.13153040409088135,2.1318750381469727,0.0,0.3778497278690338
2,62,3073,0.8036666666666666,-0.4999999888241291,50,3073,0.812834620475769,0.01571766845881939,4.893588538834592e-06,0.015742136165499687,2.230654239654541,0.0,0.20180007815361023
2,63,3123,0.8005,-0.4999999888241291,50,3123,0.8126839995384216,0.025065438821911812,7.711193575232755e-06,0.025103995576500893,2.609869956970215,0.0,0.2169722318649292
2,64,3173,0.7973333333333333,-0.4999999888241291,50,3173,0.8154475688934326,0.024818969890475273,6.945263157831505e-05,0.025166232138872147,2.2228035926818848,0.0,0.23328369855880737
2,65,3223,0.7941666666666667,-0.4999999888241291,50,3223,0.8198698163032532,0.011925606988370419,1.0314350220141932e-05,0.01197717897593975,2.3807168006896973,0.0,0.2040366530418396
2,66,3273,0.791,-0.4999999888241291,50,3273,0.8184190392494202,0.021217869594693184,1.014594454318285e-05,0.02126859873533249,2.305119037628174,0.0,0.20237389206886292
2,67,3323,0.7878333333333334,-0.4999999888241291,50,3323,0.8200032114982605,0.10670484602451324,1.0382652362750378e-05,0.10675676167011261,2.298398017883301,0.0,0.23784314095973969
2,68,3373,0.7846666666666666,-0.4999999888241291,50,3373,0.8205640316009521,0.03083360381424427,8.57116265251534e-06,0.030876459553837776,2.330688714981079,0.0,0.2526375651359558
2,69,3423,0.7815,-0.4999999888241291,50,3423,0.825255811214447,0.17388102412223816,7.421070677082753e-06,0.17391812801361084,2.356430768966675,0.0,0.16157591342926025
2,70,3473,0.7783333333333333,-0.4999999888241291,50,3473,0.8244682550430298,0.10643920302391052,1.3548631613957696e-05,0.10650694370269775,2.4562976360321045,0.0,0.1551230400800705
2,71,3523,0.7751666666666667,-0.4999999888241291,50,3523,0.8292288780212402,0.22579921782016754,8.563759365642909e-06,0.22584204375743866,2.3871161937713623,0.0,0.30287837982177734
2,72,3573,0.772,-0.4999999888241291,50,3573,0.8285843729972839,0.06840772181749344,3.233308962080628e-05,0.06856938451528549,2.2313899993896484,0.0,0.17795330286026
2,73,3623,0.7688333333333334,-0.4999999888241291,50,3623,0.8289302587509155,0.13212789595127106,1.2033564416924492e-05,0.13218806684017181,2.3494434356689453,0.0,0.2914585769176483
2,74,3673,0.7656666666666667,-0.4999999888241291,50,3673,0.8363152742385864,0.015734432265162468,6.035529440850951e-05,0.01603620871901512,2.3671200275421143,0.0,0.2873283326625824
2,75,3723,0.7625,-0.4999999888241291,50,3723,0.8384456038475037,0.15192395448684692,1.582060576765798e-05,0.15200306475162506,2.3630733489990234,0.0,0.23152440786361694
2,76,3773,0.7593333333333333,-0.4999999888241291,50,3773,0.8472322821617126,0.12454763054847717,7.926474609121215e-06,0.12458726018667221,2.5211381912231445,0.0,0.20199014246463776
2,77,3823,0.7561666666666667,-0.4999999888241291,50,3823,0.8459402322769165,0.028217095881700516,1.3361802302824799e-05,0.02828390523791313,2.4676637649536133,0.0,0.1950218379497528
2,78,3873,0.753,-0.4999999888241291,50,3873,0.8392648100852966,0.14810769259929657,3.239442958147265e-05,0.1482696682214737,2.4230785369873047,0.0,0.2413400113582611
2,79,3923,0.7498333333333334,-0.4999999888241291,50,3923,0.8435807228088379,0.02893437072634697,2.1925920009380206e-05,0.029044000431895256,2.401674509048462,0.0,0.409421443939209
2,80,3973,0.7466666666666667,-0.4999999888241291,50,3973,0.8506258726119995,0.119196318089962,6.405739986803383e-05,0.11951660364866257,2.522989511489868,0.0,0.28920215368270874
2,81,4023,0.7435,-0.4999999888241291,50,4023,0.8466886281967163,0.22364339232444763,6.882629350002389e-06,0.22367779910564423,2.3569133281707764,0.0,0.17790533602237701
2,82,4073,0.7403333333333333,-0.4999999888241291,50,4073,0.8550547957420349,0.06976582109928131,0.012926731258630753,0.13439947366714478,2.5638463497161865,0.0,0.26317664980888367
2,83,4123,0.7371666666666667,-0.4999999888241291,50,4123,0.8471260070800781,0.20422574877738953,1.1298024219286162e-05,0.2042822390794754,2.473963975906372,0.0,0.18741922080516815
2,84,4173,0.734,-0.4999999888241291,50,4173,0.8518537282943726,0.025529351085424423,1.178383990918519e-05,0.025588270276784897,2.602910280227661,0.0,0.3251006007194519
2,85,4223,0.7308333333333333,-0.4999999888241291,50,4223,0.8482045531272888,0.052450645714998245,1.9266009985585697e-05,0.05254697427153587,2.5848419666290283,0.0,0.22985191643238068
2,86,4273,0.7276666666666667,-0.4999999888241291,50,4273,0.8520790934562683,0.24191904067993164,9.208242772729136e-06,0.24196508526802063,2.628214120864868,0.0,0.16620515286922455
2,87,4323,0.7245,-0.4999999888241291,50,4323,0.8551040887832642,0.030431408435106277,8.711322152521461e-06,0.030474964529275894,2.614131450653076,0.0,0.2268679440021515
2,88,4373,0.7213333333333334,-0.4999999888241291,50,4373,0.8615796566009521,0.01312030665576458,6.3057750594452955e-06,0.013151835650205612,2.755126476287842,0.0,0.2013741135597229
2,89,4423,0.7181666666666666,-0.4999999888241291,50,4423,0.862844705581665,0.07713937759399414,1.3000492799619678e-05,0.0772043764591217,2.4688053131103516,0.0,0.2696852684020996
2,90,4473,0.7150000000000001,-0.4999999888241291,50,4473,0.8653882145881653,0.04209558665752411,1.1977223948633764e-05,0.04215547442436218,2.556335926055908,0.0,0.3567602038383484
2,91,4523,0.7118333333333333,-0.4999999888241291,50,4523,0.8673543334007263,0.01446483563631773,3.947041932406137e-06,0.014484571292996407,2.713613986968994,0.0,0.22945895791053772
2,92,4573,0.7086666666666668,-0.4999999888241291,50,4573,0.8709460496902466,0.024975288659334183,7.276364158315118e-06,0.025011669844388962,2.5408220291137695,0.0,0.23578575253486633
2,93,4623,0.7055,-0.4999999888241291,50,4623,0.8746293783187866,0.036106232553720474,6.049638159311144e-06,0.036136481910943985,2.6241989135742188,0.0,0.33407464623451233
2,94,4673,0.7023333333333333,-0.4999999888241291,50,4673,0.8815240263938904,0.15258628129959106,4.2992787712137215e-06,0.1526077836751938,2.5948033332824707,0.0,0.17241434752941132
2,95,4723,0.6991666666666667,-0.4999999888241291,50,4723,0.8825466632843018,0.01905505545437336,4.97432665724773e-06,0.01907992735505104,2.5036606788635254,0.0,0.35602468252182007
2,96,4773,0.696,-0.4999999888241291,50,4773,0.8810792565345764,0.091548390686512,9.148304343398195e-06,0.09159412980079651,2.5163257122039795,0.0,0.28928738832473755
2,97,4823,0.6928333333333334,-0.4999999888241291,50,4823,0.8880363702774048,0.2603537440299988,1.4825877769908402e-05,0.260427862405777,2.5605170726776123,0.0,0.21175405383110046
2,98,4873,0.6896666666666667,-0.4999999888241291,50,4873,0.8872378468513489,0.35602816939353943,6.030756594554987e-06,0.3560583293437958,2.5218498706817627,0.0,0.2351992130279541
2,99,4923,0.6865,-0.4999999888241291,50,4923,0.8902660012245178,0.02436724863946438,6.249296347959898e-06,0.024729082360863686,2.57170033454895,0.0006611766293644905,0.20752009749412537
2,100,4973,0.6833333333333333,-0.4999999888241291,50,4973,0.8897469639778137,0.018832184374332428,2.8808067327190656e-06,0.01884658820927143,2.5373754501342773,0.0,0.17304837703704834
2,101,5023,0.6801666666666667,-0.4999999888241291,50,5000,0.8895570635795593,0.1062619537115097,2.7225225949223386e-06,0.10627556592226028,2.576047897338867,0.0,0.19557377696037292
2,102,5073,0.677,-0.4999999888241291,50,5000,0.893730103969574,0.0753655731678009,9.467352356296033e-06,0.07541290670633316,2.4831748008728027,0.0,0.22383113205432892
2,103,5123,0.6738333333333333,-0.4999999888241291,50,5000,0.9000768065452576,0.14003601670265198,3.91970115742879e-06,0.1400556117296219,2.5196337699890137,0.0,0.1813979148864746
2,104,5173,0.6706666666666667,-0.4999999888241291,50,5000,0.9001188278198242,0.019688863307237625,6.026266873959685e-06,0.019718995317816734,2.5167205333709717,0.0,0.20052742958068848
2,105,5223,0.6675,-0.4999999888241291,50,5000,0.9033722281455994,0.053026746958494186,6.179383490234613e-06,0.05305764451622963,2.501734972000122,0.0,0.31963616609573364
2,106,5273,0.6643333333333333,-0.4999999888241291,50,5000,0.9044840335845947,0.019863704219460487,1.3105884136166424e-05,0.01992923393845558,2.4660186767578125,0.0,0.14469805359840393
2,107,5323,0.6611666666666667,-0.4999999888241291,50,5000,0.9091388583183289,0.24110761284828186,1.664650881139096e-05,0.2411908507347107,2.5938825607299805,0.0,0.23541516065597534
2,108,5373,0.658,-0.4999999888241291,50,5000,0.9105125069618225,0.008890371769666672,5.034765308664646e-06,0.008915545418858528,2.697722911834717,0.0,0.20192593336105347
2,109,5423,0.6548333333333334,-0.4999999888241291,50,5000,0.9114898443222046,0.17659491300582886,6.947792826395016e-06,0.17662964761257172,2.55021333694458,0.0,0.20721915364265442
2,110,5473,0.6516666666666667,-0.4999999888241291,50,5000,0.9138903617858887,0.013625789433717728,6.734993803547695e-06,0.013659464195370674,2.457261800765991,0.0,0.19700691103935242
2,111,5523,0.6485000000000001,-0.4999999888241291,50,5000,0.915285050868988,0.17974169552326202,8.714511750440579e-06,0.17978526651859283,2.554495334625244,0.0,0.25862693786621094
2,112,5573,0.6453333333333333,-0.4999999888241291,50,5000,0.9166040420532227,0.020630639046430588,1.173292548628524e-05,0.020689303055405617,2.5103228092193604,0.0,0.20087185502052307
2,113,5623,0.6421666666666668,-0.4999999888241291,50,5000,0.9168868064880371,0.09368491917848587,5.339799372450216e-06,0.09371161460876465,2.6359667778015137,0.0,0.15709899365901947
2,114,5673,0.639,-0.4999999888241291,50,5000,0.9180924296379089,0.16911058127880096,4.499054284679005e-06,0.16913308203220367,2.54398775100708,0.0,0.3132610619068146
2,115,5723,0.6358333333333333,-0.4999999888241291,50,5000,0.9191598892211914,0.00904950499534607,5.342028998711612e-06,0.009734849445521832,2.588158369064331,0.0013172689359635115,0.1800033450126648
2,116,5773,0.6326666666666667,-0.4999999888241291,50,5000,0.9197601079940796,0.1765449047088623,8.595675353717525e-06,0.1767084300518036,2.647789478302002,0.00024109636433422565,0.16544121503829956
2,117,5823,0.6295,-0.4999999888241291,50,5000,0.9189056754112244,0.011040503159165382,6.308166575763607e-06,0.011072044260799885,2.4430298805236816,0.0,0.20614002645015717
2,118,5873,0.6263333333333334,-0.4999999888241291,50,5000,0.9195332527160645,0.16577115654945374,9.922058779920917e-06,0.16582076251506805,2.496936321258545,0.0,0.33812275528907776
2,119,5923,0.6231666666666666,-0.4999999888241291,50,5000,0.9196830987930298,0.029256004840135574,1.452873766538687e-05,0.02932864800095558,2.3978090286254883,0.0,0.27736443281173706
2,120,5973,0.62,-0.4999999888241291,50,5000,0.9198659062385559,0.01071527786552906,6.546053555211984e-06,0.010748008266091347,2.466618776321411,0.0,0.17751894891262054
2,121,6023,0.6168333333333333,-0.4999999888241291,50,5000,0.9212391376495361,0.012542026117444038,2.085653250105679e-06,0.012552454136312008,2.519645929336548,0.0,0.19989719986915588
2,122,6073,0.6136666666666667,-0.4999999888241291,50,5000,0.9210781455039978,0.009603654965758324,8.728090506338049e-06,0.00964729581028223,2.384176731109619,0.0,0.21170738339424133
2,123,6123,0.6105,-0.4999999888241291,50,5000,0.9194033741950989,0.009543158113956451,4.711352630693e-06,0.009578772820532322,2.2833590507507324,2.411613240838051e-05,0.2031172811985016
2,124,6173,0.6073333333333333,-0.4999999888241291,50,5000,0.9198940396308899,0.00885071512311697,3.3346973395964596e-06,0.008867388591170311,2.2625815868377686,0.0,0.23922106623649597
2,125,6223,0.6041666666666667,-0.4999999888241291,50,5000,0.9209039807319641,0.014992407523095608,6.680601472908165e-06,0.015025810338556767,2.27188777923584,0.0,0.15392938256263733
2,126,6273,0.601,-0.4999999888241291,50,5000,0.921934187412262,0.12935569882392883,6.811368166381726e-06,0.12938976287841797,2.2067346572875977,0.0,0.28718674182891846
2,127,6323,0.5978333333333333,-0.4999999888241291,50,5000,0.9213920831680298,0.012058793567121029,5.9763574427051935e-06,0.012088675051927567,2.412893056869507,0.0,0.15508219599723816
2,128,6373,0.5946666666666667,-0.4999999888241291,50,5000,0.9230555891990662,0.012862641364336014,3.4677036637731362e-06,0.01287997979670763,2.3532862663269043,0.0,0.1945842206478119
2,129,6423,0.5915,-0.4999999888241291,50,5000,0.9272428154945374,0.16237688064575195,6.441466666728957e-06,0.16240908205509186,2.363676071166992,0.0,0.24619024991989136
2,130,6473,0.5883333333333334,-0.4999999888241291,50,5000,0.9276699423789978,0.018190983682870865,2.0397269508976024e-06,0.018201181665062904,2.3310277462005615,0.0,0.1632697880268097
2,131,6523,0.5851666666666667,-0.4999999888241291,50,5000,0.9280440807342529,0.21619834005832672,4.864702077611582e-06,0.2162935435771942,2.248194456100464,0.00014175777323544025,0.1639692187309265
2,132,6573,0.5820000000000001,-0.4999999888241291,50,5000,0.9274211525917053,0.06373122334480286,9.298549343839113e-07,0.06373587250709534,2.2155675888061523,0.0,0.19331516325473785
2,133,6623,0.5788333333333333,-0.4999999888241291,50,5000,0.9303483963012695,0.03539382666349411,6.53036431685905e-06,0.03542647883296013,2.286207914352417,0.0,0.30492132902145386
2,134,6673,0.5756666666666668,-0.4999999888241291,50,5000,0.9316563010215759,0.017590302973985672,2.1949135771137662e-06,0.01760127767920494,2.3409321308135986,0.0,0.17428119480609894
2,135,6723,0.5725,-0.4999999888241291,50,5000,0.9350490570068359,0.22615163028240204,7.470871878467733e-06,0.22618898749351501,2.3718204498291016,0.0,0.30812230706214905
2,136,6773,0.5693333333333334,-0.4999999888241291,50,5000,0.9376845359802246,0.011155247688293457,8.233853804995306e-06,0.011196416802704334,2.36892032623291,0.0,0.2455979883670807
2,137,6823,0.5661666666666667,-0.4999999888241291,50,5000,0.9395635724067688,0.008739755488932133,3.302662889836938e-06,0.00875626876950264,2.3007593154907227,0.0,0.17740802466869354
2,138,6873,0.563,-0.4999999888241291,50,5000,0.9430344104766846,0.03546225652098656,7.485638889193069e-06,0.035499684512615204,2.194852113723755,0.0,0.32777541875839233
2,139,6923,0.5598333333333334,-0.4999999888241291,50,5000,0.947231113910675,0.34483927488327026,1.0783087418531068e-05,0.3448931872844696,2.178605318069458,0.0,0.20269381999969482
2,140,6973,0.5566666666666666,-0.4999999888241291,50,5000,0.9537120461463928,0.1314617544412613,1.6178448277059942e-05,0.1315426528453827,2.2502923011779785,0.0,0.2107630968093872
2,141,7023,0.5535000000000001,-0.4999999888241291,50,5000,0.9566690921783447,0.048797283321619034,2.4315459086210467e-06,0.048809442669153214,2.2418465614318848,0.0,0.24422141909599304
2,142,7073,0.5503333333333333,-0.4999999888241291,50,5000,0.960800051689148,0.010398011654615402,4.792362688021967e-06,0.010421973653137684,2.2200710773468018,0.0,0.1468522995710373
2,143,7123,0.5471666666666667,-0.4999999888241291,50,5000,0.9643879532814026,0.10814577341079712,4.267542863090057e-06,0.10816711187362671,2.2655725479125977,0.0,0.1490667164325714
2,144,7173,0.544,-0.4999999888241291,50,5000,0.9684453010559082,0.17410241067409515,1.2275621656954172e-06,0.17410854995250702,2.2865614891052246,0.0,0.25518596172332764
2,145,7223,0.5408333333333333,-0.4999999888241291,50,5000,0.9721614718437195,0.027668960392475128,8.199950570997316e-06,0.0277099609375,2.2483861446380615,0.0,0.18538379669189453
2,146,7273,0.5376666666666667,-0.4999999888241291,50,5000,0.9764612317085266,0.04935501515865326,1.254298877029214e-05,0.049548543989658356,2.1967427730560303,0.0002616257406771183,0.2616569399833679
2,147,7323,0.5345,-0.4999999888241291,50,5000,0.9804087281227112,0.013844676315784454,1.0142908649868332e-05,0.013895390555262566,2.1433558464050293,0.0,0.35386601090431213
2,148,7373,0.5313333333333333,-0.4999999888241291,50,5000,0.9831275343894958,0.338146835565567,7.25902600606787e-06,0.33818313479423523,2.2274341583251953,0.0,0.35172128677368164
2,149,7423,0.5281666666666667,-0.4999999888241291,50,5000,0.9885769486427307,0.12556880712509155,1.4733264833921567e-05,0.12564247846603394,2.2065820693969727,0.0,0.31092795729637146
2,150,7473,0.525,-0.4999999888241291,50,5000,0.994714081287384,0.004468136001378298,5.645833880407736e-06,0.0052186269313097,2.191093921661377,0.0014445232227444649,0.1849486082792282
2,151,7523,0.5218333333333334,-0.4999999888241291,50,5000,1.000167965888977,0.0962952971458435,5.246302407613257e-06,0.09632153064012527,2.2537364959716797,0.0,0.2584025263786316
2,152,7573,0.5186666666666666,-0.4999999888241291,50,5000,1.0044116973876953,0.004878375679254532,6.5833514781843405e-06,0.004911292344331741,2.2382516860961914,0.0,0.2650761902332306
2,153,7623,0.5155000000000001,-0.4999999888241291,50,5000,1.0096460580825806,0.04270076006650925,9.683220923761837e-06,0.042749177664518356,2.3292791843414307,0.0,0.2576444149017334
2,154,7673,0.5123333333333333,-0.4999999888241291,50,5000,1.0117225646972656,0.055467136204242706,4.0754894143901765e-06,0.05548751354217529,2.270552635192871,0.0,0.1783362627029419
2,155,7723,0.5091666666666667,-0.4999999888241291,50,5000,1.0152018070220947,0.08040563762187958,3.1132869935390772e-06,0.08042120188474655,2.195070266723633,0.0,0.19037091732025146
2,156,7773,0.506,-0.4999999888241291,50,5000,1.0190412998199463,0.11378845572471619,8.798246199148707e-06,0.11383244395256042,2.1188831329345703,0.0,0.24676495790481567
2,157,7823,0.5028333333333334,-0.4999999888241291,50,5000,1.0245330333709717,0.1113063395023346,1.2417619473126251e-05,0.11136842519044876,2.0717780590057373,0.0,0.22648243606090546
2,158,7873,0.4996666666666667,-0.4999999888241291,50,5000,1.0273751020431519,0.14693129062652588,1.0362153943788144e-06,0.14693647623062134,2.1494622230529785,0.0,0.37966299057006836
2,159,7923,0.49650000000000005,-0.4999999888241291,50,5000,1.0309712886810303,0.009103077463805676,1.3119606592226774e-06,0.009109637700021267,2.079373598098755,0.0,0.19068939983844757
2,160,7973,0.4933333333333334,-0.4999999888241291,50,5000,1.0376529693603516,0.043817780911922455,8.165198778442573e-06,0.0438586063683033,2.0420892238616943,0.0,0.29565250873565674
2,161,8023,0.49016666666666675,-0.4999999888241291,50,5000,1.0414628982543945,0.04973190277814865,2.6160889774473617e-06,0.04974498227238655,1.9957183599472046,0.0,0.3139217495918274
2,162,8073,0.487,-0.4999999888241291,50,5000,1.0472140312194824,0.1741149127483368,1.4018996807863005e-06,0.1741219162940979,1.9631075859069824,0.0,0.2284577190876007
2,163,8123,0.48383333333333334,-0.4999999888241291,50,5000,1.0508034229278564,0.13082054257392883,3.2238672247331124e-06,0.13083666563034058,2.079651355743408,0.0,0.19112996757030487
2,164,8173,0.4806666666666667,-0.4999999888241291,50,5000,1.0590990781784058,0.10233017802238464,3.110294528596569e-06,0.10234572738409042,2.2033891677856445,0.0,0.3006764054298401
2,165,8223,0.47750000000000004,-0.4999999888241291,50,5000,1.0640966892242432,0.03947514295578003,4.965184871252859e-06,0.03949996829032898,2.243981122970581,0.0,0.20423544943332672
2,166,8273,0.4743333333333334,-0.4999999888241291,50,5000,1.0692431926727295,0.02979913540184498,7.302263838937506e-06,0.029835646972060204,2.1473939418792725,0.0,0.3660421073436737
2,167,8323,0.47116666666666673,-0.4999999888241291,50,5000,1.0716551542282104,0.011615922674536705,5.135333594807889e-06,0.011641599237918854,2.124213457107544,0.0,0.2398323267698288
2,168,8373,0.46799999999999997,-0.4999999888241291,50,5000,1.0773680210113525,0.009049460291862488,2.476787130945013e-06,0.00906184408813715,2.190600872039795,0.0,0.2942293882369995
2,169,8423,0.4648333333333333,-0.4999999888241291,50,5000,1.0816247463226318,0.010094688273966312,1.6695234990038443e-06,0.010103035718202591,2.0797247886657715,0.0,0.23152904212474823
2,170,8473,0.46166666666666667,-0.4999999888241291,50,5000,1.0850794315338135,0.003917785827070475,1.958829216164304e-06,0.003927580080926418,2.140778064727783,0.0,0.16919873654842377
2,171,8523,0.4585,-0.4999999888241291,50,5000,1.0918108224868774,0.05284397676587105,7.114063009794336e-06,0.05287954583764076,2.07324481010437,0.0,0.2740006446838379
2,172,8573,0.45533333333333337,-0.4999999888241291,50,5000,1.0984810590744019,0.13090229034423828,3.98197289541713e-06,0.13092219829559326,2.0709261894226074,0.0,0.2881752848625183
2,173,8623,0.4521666666666667,-0.4999999888241291,50,5000,1.1020437479019165,0.012038096785545349,2.394559032836696e-06,0.012050069868564606,2.1085364818573,0.0,0.22718414664268494
2,174,8673,0.44900000000000007,-0.4999999888241291,50,5000,1.1073380708694458,0.003817258169874549,5.005476850783452e-06,0.0038422856014221907,2.09945011138916,0.0,0.28358933329582214
2,175,8723,0.4458333333333333,-0.4999999888241291,50,5000,1.1114765405654907,0.11789542436599731,4.867774350714171e-06,0.11791976541280746,2.030546188354492,0.0,0.1941550374031067
2,176,8773,0.44266666666666665,-0.4999999888241291,50,5000,1.1168891191482544,0.0035883167292922735,4.9165305426868144e-06,0.003962883725762367,2.180605888366699,0.000699969008564949,0.1345261037349701
2,177,8823,0.4395,-0.4999999888241291,50,5000,1.1234619617462158,0.10346241295337677,6.188491624925518e-06,0.1034933552145958,2.1417627334594727,0.0,0.22570818662643433
2,178,8873,0.43633333333333335,-0.4999999888241291,50,5000,1.127806305885315,0.002970714820548892,2.0216953089402523e-06,0.0029808233957737684,2.0454628467559814,0.0,0.25903674960136414
2,179,8923,0.4331666666666667,-0.4999999888241291,50,5000,1.1326454877853394,0.026928817853331566,1.0036482308350969e-05,0.026978999376296997,2.0953829288482666,0.0,0.25297561287879944
2,180,8973,0.43000000000000005,-0.4999999888241291,50,5000,1.1393224000930786,0.11168791353702545,9.985348697227892e-06,0.11173783987760544,2.0932464599609375,0.0,0.20230317115783691
2,181,9023,0.4268333333333333,-0.4999999888241291,50,5000,1.1454825401306152,0.11164499074220657,3.93454183722497e-06,0.11166466027498245,2.171436309814453,0.0,0.4561367630958557
2,182,9073,0.42366666666666664,-0.4999999888241291,50,5000,1.1546136140823364,0.03133914992213249,3.2672960514901206e-06,0.03135548532009125,2.164597988128662,0.0,0.3418269455432892
2,183,9123,0.4205,-0.4999999888241291,50,5000,1.1594220399856567,0.006054525263607502,3.897116130247014e-06,0.006074010860174894,2.259669303894043,0.0,0.36288678646087646
2,184,9173,0.41733333333333344,-0.4999999888241291,50,5000,1.1650950908660889,0.03574497997760773,5.529995178221725e-06,0.03577262908220291,2.1747803688049316,0.0,0.2103368043899536
2,185,9223,0.4141666666666667,-0.4999999888241291,50,5000,1.169615387916565,0.045734815299510956,2.2425049337471137e-06,0.045746028423309326,2.1417367458343506,0.0,0.30348220467567444
2,186,9273,0.41100000000000003,-0.4999999888241291,50,5000,1.1748422384262085,0.10589572787284851,3.3929964047274552e-06,0.1059126928448677,2.1562201976776123,0.0,0.26673978567123413
2,187,9323,0.4078333333333334,-0.4999999888241291,50,5000,1.1797345876693726,0.005992910824716091,3.933228072128259e-06,0.006012577097862959,2.1246488094329834,0.0,0.31507885456085205
2,188,9373,0.4046666666666666,-0.4999999888241291,50,5000,1.184348225593567,0.10048224031925201,4.141187218920095e-06,0.10050294548273087,2.0889666080474854,0.0,0.3292223811149597
2,189,9423,0.4015000000000001,-0.4999999888241291,50,5000,1.1893401145935059,0.007738854736089706,9.212110853695776e-06,0.007784915156662464,2.0790889263153076,0.0,0.25931528210639954
2,190,9473,0.39833333333333343,-0.4999999888241291,50,5000,1.1960523128509521,0.005276573821902275,1.1444303709140513e-05,0.005333795212209225,2.100255012512207,0.0,0.2329166829586029
2,191,9523,0.39516666666666667,-0.4999999888241291,50,5000,1.2012923955917358,0.08832767605781555,2.533684892114252e-06,0.08834034204483032,2.069060802459717,0.0,0.2643730640411377
2,192,9573,0.392,-0.4999999888241291,50,5000,1.2072361707687378,0.003303904552012682,8.51672939461423e-06,0.0033464881125837564,2.017106294631958,0.0,0.1961895078420639
2,193,9623,0.38883333333333336,-0.4999999888241291,50,5000,1.2108099460601807,0.003509203903377056,8.643787623441312e-06,0.003552422858774662,2.005632162094116,0.0,0.178225576877594
2,194,9673,0.3856666666666667,-0.4999999888241291,50,5000,1.216588020324707,0.002625506604090333,2.2043168428353965e-06,0.002636528108268976,1.9995085000991821,0.0,0.25044703483581543
2,195,9723,0.38250000000000006,-0.4999999888241291,50,5000,1.2222429513931274,0.11121638119220734,4.165511199971661e-06,0.11123720556497574,1.9870058298110962,0.0,0.4137902855873108
2,196,9773,0.3793333333333334,-0.4999999888241291,50,5000,1.2272799015045166,0.0034093102440238,1.6535205986656365e-06,0.003417577827349305,1.9648528099060059,0.0,0.25083643198013306
2,197,9823,0.37616666666666676,-0.4999999888241291,50,5000,1.231494665145874,0.20949962735176086,1.6142950016728719e-06,0.20950770378112793,1.9482282400131226,0.0,0.24420782923698425
2,198,9873,0.373,-0.4999999888241291,50,5000,1.2380238771438599,0.004236679524183273,3.338989699841477e-06,0.004317582119256258,1.9824042320251465,0.00012841541320085526,0.14466390013694763
2,199,9923,0.36983333333333335,-0.4999999888241291,50,5000,1.2441325187683105,0.0047388384118676186,2.6238262762490194e-06,0.0047519574873149395,2.0630617141723633,0.0,0.2156875729560852
2,200,9973,0.3666666666666667,-0.4999999888241291,50,5000,1.2483268976211548,0.09984579682350159,3.2993891636579065e-06,0.09986229240894318,2.0038869380950928,0.0,0.21109165251255035
2,201,10023,0.36350000000000005,-0.4999999888241291,50,5000,1.2549333572387695,0.13009540736675262,2.7160820081917336e-06,0.13010898232460022,1.967315673828125,0.0,0.49461981654167175
2,202,10073,0.3603333333333334,-0.4999999888241291,50,5000,1.2619372606277466,0.00492459163069725,3.1231456887326203e-06,0.004940207581967115,2.0193190574645996,0.0,0.37930575013160706
2,203,10123,0.35716666666666674,-0.4999999888241291,50,5000,1.2666847705841064,0.005790970753878355,3.565018232620787e-06,0.005808795802295208,2.039759397506714,0.0,0.38251638412475586
2,204,10173,0.354,-0.4999999888241291,50,5000,1.2724788188934326,0.10701361298561096,1.0965304682031274e-06,0.1070190966129303,1.976811408996582,0.0,0.2644595503807068
2,205,10223,0.35083333333333333,-0.4999999888241291,50,5000,1.2774138450622559,0.1187562495470047,2.239521563751623e-06,0.11876744776964188,1.9794111251831055,0.0,0.17328855395317078
2,206,10273,0.3476666666666667,-0.4999999888241291,50,5000,1.2846832275390625,0.004482557065784931,1.8961180785481702e-06,0.0044920374639332294,1.9832854270935059,0.0,0.20878851413726807
2,207,10323,0.34450000000000003,-0.4999999888241291,50,5000,1.2914345264434814,0.12188667804002762,4.842925591219682e-06,0.12191089242696762,1.9042863845825195,0.0,0.3577452600002289
2,208,10373,0.3413333333333334,-0.4999999888241291,50,5000,1.2956433296203613,0.11146197468042374,3.2075399758468848e-06,0.11147801578044891,2.021716594696045,0.0,0.3023179769515991
2,209,10423,0.3381666666666667,-0.4999999888241291,50,5000,1.3020515441894531,0.0028364628087729216,2.326044523215387e-06,0.002848092932254076,1.992645502090454,0.0,0.3097301721572876
2,210,10473,0.3350000000000001,-0.4999999888241291,50,5000,1.306774616241455,0.08201310783624649,1.8936814285552828e-06,0.08202257752418518,1.9080908298492432,0.0,0.3012670874595642
2,211,10523,0.3318333333333333,-0.4999999888241291,50,5000,1.3122432231903076,0.007054151501506567,2.685389063117327e-06,0.007067578379064798,1.8797247409820557,0.0,0.6217330098152161
2,212,10573,0.32866666666666666,-0.4999999888241291,50,5000,1.3164576292037964,0.22120118141174316,4.832004378840793e-06,0.2212253361940384,1.8661752939224243,0.0,0.22694310545921326
2,213,10623,0.3255,-0.4999999888241291,50,5000,1.3219704627990723,0.008532860316336155,3.7641791550413473e-06,0.00855168141424656,1.869184970855713,0.0,0.282265305519104
2,214,10673,0.32233333333333336,-0.4999999888241291,50,5000,1.3271042108535767,0.0038592233322560787,2.863994723156793e-06,0.0038735433481633663,1.8678771257400513,0.0,0.22627447545528412
2,215,10723,0.3191666666666667,-0.4999999888241291,50,5000,1.3310154676437378,0.10278008878231049,1.5657134326829691e-06,0.10278791934251785,1.8241052627563477,0.0,0.563342809677124
2,216,10773,0.31600000000000006,-0.4999999888241291,50,5000,1.33490788936615,0.060472823679447174,6.7878268055210356e-06,0.06050676107406616,1.8214274644851685,0.0,0.23865889012813568
2,217,10823,0.3128333333333333,-0.4999999888241291,50,5000,1.3426225185394287,0.0032403594814240932,3.5627956549433293e-06,0.003258173353970051,1.8046791553497314,0.0,0.3003591001033783
2,218,10873,0.30966666666666665,-0.4999999888241291,50,5000,1.347050666809082,0.0035049254074692726,4.665914275392424e-06,0.0035282550379633904,1.8496321439743042,0.0,0.24027404189109802
2,219,10923,0.3065,-0.4999999888241291,50,5000,1.3507047891616821,0.09774840623140335,4.660795639210846e-06,0.09777171164751053,1.8227958679199219,0.0,0.19364315271377563
2,220,10973,0.30333333333333345,-0.4999999888241291,50,5000,1.3572503328323364,0.08652882277965546,7.811128170942538e-07,0.08653272688388824,1.8145456314086914,0.0,0.21522465348243713
2,221,11023,0.3001666666666667,-0.4999999888241291,50,5000,1.362491250038147,0.09139654040336609,1.0340708058720338e-06,0.09140171110630035,1.8298170566558838,0.0,0.3793485462665558
2,222,11073,0.29700000000000004,-0.4999999888241291,50,5000,1.3672690391540527,0.007601306773722172,1.6855457943165675e-05,0.008208408951759338,1.6978880167007446,0.0010456508025527,0.24594604969024658
2,223,11123,0.2938333333333334,-0.4999999888241291,50,5000,1.373967170715332,0.19094541668891907,3.7999247979314532e-06,0.19096441566944122,1.7561967372894287,0.0,0.2449851930141449
2,224,11173,0.29066666666666663,-0.4999999888241291,50,5000,1.3801990747451782,0.12176832556724548,1.3625860901811393e-06,0.12177513539791107,1.7145049571990967,0.0,0.3061184585094452
2,225,11223,0.2875000000000001,-0.4999999888241291,50,5000,1.3846157789230347,0.005314147565513849,2.7115384000353515e-06,0.005327705293893814,1.7052409648895264,0.0,0.27239876985549927
2,226,11273,0.28433333333333344,-0.4999999888241291,50,5000,1.389788269996643,0.002875290811061859,5.377558863983722e-06,0.0029021785594522953,1.7814372777938843,0.0,0.21480299532413483
2,227,11323,0.2811666666666667,-0.4999999888241291,50,5000,1.3969088792800903,0.0026908398140221834,1.251681283065409e-06,0.0026970983017235994,1.705418586730957,0.0,0.37087157368659973
2,228,11373,0.278,-0.4999999888241291,50,5000,1.4012023210525513,0.0014718518359586596,5.007099389331415e-06,0.0014968873001635075,1.7630349397659302,0.0,0.3283865451812744
2,229,11423,0.2748333333333334,-0.4999999888241291,50,5000,1.4083356857299805,0.001598792034201324,4.218993126414716e-06,0.0016198869561776519,1.7726637125015259,0.0,0.32728272676467896
2,230,11473,0.2716666666666666,-0.4999999888241291,50,5000,1.4109174013137817,0.09265640377998352,3.22362484439509e-06,0.09267251938581467,1.7571563720703125,0.0,0.19926606118679047
2,231,11523,0.26850000000000007,-0.4999999888241291,50,5000,1.4176796674728394,0.02504507452249527,2.451368175115931e-07,0.025046300143003464,1.6775717735290527,0.0,0.2901878356933594
2,232,11573,0.2653333333333334,-0.4999999888241291,50,5000,1.4218955039978027,0.0027394206263124943,4.394031748233829e-06,0.002761390758678317,1.7360903024673462,0.0,0.23873376846313477
2,233,11623,0.26216666666666677,-0.4999999888241291,50,5000,1.4274672269821167,0.005777311511337757,1.4466618267761078e-06,0.005784544628113508,1.6981643438339233,0.0,0.32259872555732727
2,234,11673,0.259,-0.4999999888241291,50,5000,1.4335321187973022,0.007523410953581333,7.020070711405424e-07,0.007526921108365059,1.7235268354415894,0.0,0.32182741165161133
2,235,11723,0.25583333333333336,-0.4999999888241291,50,5000,1.43862783908844,0.0044878446497023106,5.352858806872973e-06,0.00451460899785161,1.7456271648406982,0.0,0.2530265748500824
2,236,11773,0.2526666666666667,-0.4999999888241291,50,5000,1.444231390953064,0.09418840706348419,7.80502205088851e-07,0.09419231116771698,1.7103452682495117,0.0,0.3055886924266815
2,237,11823,0.24950000000000006,-0.4999999888241291,50,5000,1.451494812965393,0.0038962066173553467,4.952640665578656e-06,0.003920970018953085,1.713215708732605,0.0,0.3785439431667328
2,238,11873,0.2463333333333334,-0.4999999888241291,50,5000,1.4553050994873047,0.09783102571964264,4.823780727747362e-06,0.09785514324903488,1.70476233959198,0.0,0.23100849986076355
2,239,11923,0.24316666666666675,-0.4999999888241291,50,5000,1.459295392036438,0.002554782433435321,1.0495023161638528e-06,0.0025600299704819918,1.6941986083984375,0.0,0.24046015739440918
2,240,11973,0.24,-0.4999999888241291,50,5000,1.4639843702316284,0.0019446371588855982,3.7924758089502575e-06,0.0019635995849967003,1.62539803981781,0.0,0.2779960036277771
2,241,12023,0.23683333333333334,-0.4999999888241291,50,5000,1.469362735748291,0.002239346271380782,7.76807610236574e-07,0.002243230352178216,1.620750069618225,0.0,0.38642990589141846
2,242,12073,0.2336666666666667,-0.4999999888241291,50,5000,1.4734004735946655,0.17040763795375824,2.8978149657632457e-07,0.17040908336639404,1.645542025566101,0.0,0.21367257833480835
2,243,12123,0.23050000000000004,-0.4999999888241291,50,5000,1.479386806488037,0.07499577850103378,2.711848992476007e-06,0.07500933855772018,1.5896165370941162,0.0,0.32262396812438965
2,244,12173,0.2273333333333334,-0.4999999888241291,50,5000,1.4850585460662842,0.09366444498300552,9.403313470102148e-07,0.09366914629936218,1.6045053005218506,0.0,0.27353039383888245
2,245,12223,0.22416666666666674,-0.4999999888241291,50,5000,1.48924720287323,0.07833869755268097,1.9887877442670288e-06,0.07834864407777786,1.5772714614868164,0.0,0.2088874876499176
2,246,12273,0.22100000000000009,-0.4999999888241291,50,5000,1.4940162897109985,0.00246817828156054,7.116575034160633e-06,0.00250376109033823,1.5469050407409668,0.0,0.3728790283203125
2,247,12323,0.21783333333333332,-0.4999999888241291,50,5000,1.4997246265411377,0.0023028203286230564,3.79794300897629e-06,0.002321809995919466,1.5370430946350098,0.0,0.3188779056072235
2,248,12373,0.21466666666666667,-0.4999999888241291,50,5000,1.5051445960998535,0.23994119465351105,2.0880866031802725e-06,0.23995164036750793,1.4389536380767822,0.0,0.384365051984787
2,249,12423,0.21150000000000002,-0.4999999888241291,50,5000,1.5085606575012207,0.0031937132589519024,1.1971249477937818e-05,0.003253569593653083,1.472835659980774,0.0,0.31721383333206177
2,250,12473,0.20833333333333337,-0.4999999888241291,50,5000,1.514322280883789,0.04117901995778084,4.260452897142386e-06,0.04120032116770744,1.4073176383972168,0.0,0.36091169714927673
2,251,12523,0.20516666666666672,-0.4999999888241291,50,5000,1.5223388671875,0.0013683518627658486,2.4032517558225663e-06,0.001380368135869503,1.434683084487915,0.0,0.2828267216682434
2,252,12573,0.20200000000000007,-0.4999999888241291,50,5000,1.5276645421981812,0.0024733904283493757,6.135218882263871e-06,0.002504066564142704,1.436038613319397,0.0,0.21828828752040863
2,253,12623,0.1988333333333333,-0.4999999888241291,50,5000,1.5325146913528442,0.08753985166549683,3.0235960366553627e-06,0.08755496889352798,1.401853322982788,0.0,0.48453378677368164
2,254,12673,0.19566666666666666,-0.4999999888241291,50,5000,1.536508321762085,0.15149131417274475,3.823103725153487e-06,0.15151043236255646,1.4154977798461914,0.0,0.4473617970943451
2,255,12723,0.1925,-0.4999999888241291,50,5000,1.5406490564346313,0.001536085968837142,2.1846099116373807e-06,0.0015470089856535196,1.3830680847167969,0.0,0.3123331069946289
2,256,12773,0.18933333333333335,-0.4999999888241291,50,5000,1.5464915037155151,0.09815358370542526,8.921419976104517e-06,0.09819819033145905,1.3553599119186401,0.0,0.34399113059043884
2,257,12823,0.1861666666666667,-0.4999999888241291,50,5000,1.5494135618209839,0.0017709231469780207,1.6481745888086152e-06,0.0017791640711948276,1.3697272539138794,0.0,0.2494063824415207
2,258,12873,0.18300000000000005,-0.4999999888241291,50,5000,1.5574278831481934,0.0863061249256134,3.989861852460308e-06,0.08632607758045197,1.335666298866272,0.0,0.3942979574203491
2,259,12923,0.1798333333333334,-0.4999999888241291,50,5000,1.562753438949585,0.1259714663028717,2.9519521831389284e-06,0.1259862333536148,1.3760555982589722,0.0,0.3479946255683899
2,260,12973,0.17666666666666664,-0.4999999888241291,50,5000,1.5686126947402954,0.0019687004387378693,2.727144874370424e-06,0.001982336165383458,1.4022245407104492,0.0,0.3299775719642639
2,261,13023,0.1735,-0.4999999888241291,50,5000,1.5718108415603638,0.0027004156727343798,3.4028105346806115e-06,0.0027174297720193863,1.395402431488037,0.0,0.2369416058063507
2,262,13073,0.17033333333333345,-0.4999999888241291,50,5000,1.5780638456344604,0.0015966722276061773,2.2407371034205426e-06,0.0016078759217634797,1.408443808555603,0.0,0.3074570596218109
2,263,13123,0.16716666666666669,-0.4999999888241291,50,5000,1.5833104848861694,0.0013740947470068932,6.59047145745717e-06,0.0014070471515879035,1.3330568075180054,0.0,0.2617596685886383
2,264,13173,0.16400000000000003,-0.4999999888241291,50,5000,1.5879517793655396,0.0015305178239941597,3.744055447896244e-06,0.0015492381062358618,1.3538415431976318,0.0,0.2670954167842865
2,265,13223,0.16083333333333338,-0.4999999888241291,50,5000,1.594217300415039,0.06239090859889984,2.119068994943518e-06,0.06240150332450867,1.2791811227798462,0.0,0.5777881145477295
2,266,13273,0.15766666666666662,-0.4999999888241291,50,5000,1.599843978881836,0.0018790035974234343,2.154323738068342e-06,0.0018897752743214369,1.3212954998016357,0.0,0.3346008360385895
2,267,13323,0.15450000000000008,-0.4999999888241291,50,5000,1.6041001081466675,0.2721790671348572,1.1819768133136677e-06,0.27218496799468994,1.3286195993423462,0.0,0.2539955973625183
2,268,13373,0.15133333333333343,-0.4999999888241291,50,5000,1.6104645729064941,0.02284669689834118,1.4589022612199187e-06,0.022853991016745567,1.2832138538360596,0.0,0.38757944107055664
2,269,13423,0.14816666666666678,-0.4999999888241291,50,5000,1.615063190460205,0.0022712901700288057,3.723682993950206e-06,0.0022899084724485874,1.2837193012237549,0.0,0.37088438868522644
2,270,13473,0.14500000000000002,-0.4999999888241291,50,5000,1.6207669973373413,0.001155091100372374,1.41727377922507e-06,0.0011621774174273014,1.2877330780029297,0.0,0.3311172127723694
2,271,13523,0.14183333333333337,-0.4999999888241291,50,5000,1.6244425773620605,0.0767579972743988,1.7983193174586631e-06,0.07676699012517929,1.2382469177246094,0.0,0.25023308396339417
2,272,13573,0.13866666666666672,-0.4999999888241291,50,5000,1.6297023296356201,0.13241033256053925,5.847896886734816e-07,0.13241325318813324,1.140610933303833,0.0,0.46184244751930237
2,273,13623,0.13550000000000006,-0.4999999888241291,50,5000,1.6345971822738647,0.02558455429971218,5.3504063544096425e-06,0.025611305609345436,1.1711353063583374,0.0,0.2723197340965271
2,274,13673,0.1323333333333334,-0.4999999888241291,50,5000,1.64027738571167,0.0024054732639342546,6.166122602735413e-06,0.0024363037664443254,1.1787757873535156,0.0,0.521479070186615
2,275,13723,0.12916666666666676,-0.4999999888241291,50,5000,1.6435426473617554,0.07950910180807114,1.3012560884817503e-05,0.07957416772842407,1.210313081741333,0.0,0.32117533683776855
2,276,13773,0.126,-0.4999999888241291,50,5000,1.6496238708496094,0.005157696548849344,7.669963792977796e-07,0.005161531735211611,1.116472840309143,0.0,0.42608049511909485
2,277,13823,0.12283333333333335,-0.4999999888241291,50,5000,1.654623031616211,0.07981948554515839,4.655583154544729e-07,0.07982181012630463,1.1524348258972168,0.0,0.2685506045818329
2,278,13873,0.1196666666666667,-0.4999999888241291,50,5000,1.6616709232330322,0.0025081890635192394,1.1420265764172655e-05,0.0025652903132140636,1.132872462272644,0.0,0.3002551198005676
2,279,13923,0.11650000000000005,-0.4999999888241291,50,5000,1.6655670404434204,0.0743173137307167,1.250950276698859e-06,0.07432356476783752,1.09711754322052,0.0,0.37156862020492554
2,280,13973,0.1133333333333334,-0.4999999888241291,50,5000,1.6711325645446777,0.0015265971887856722,6.608251169382129e-06,0.0015596384182572365,1.0694721937179565,0.0,0.365847647190094
2,281,14023,0.11016666666666675,-0.4999999888241291,50,5000,1.6757453680038452,0.07311704009771347,2.9743621325906133e-06,0.07313191145658493,1.0454671382904053,0.0,0.4561782777309418
2,282,14073,0.1070000000000001,-0.4999999888241291,50,5000,1.6796741485595703,0.0034311190247535706,1.2356276783975773e-06,0.003437297185882926,1.113413691520691,0.0,0.34233301877975464
2,283,14123,0.10383333333333333,-0.4999999888241291,50,5000,1.6846657991409302,0.0036644721403717995,8.257812851297786e-07,0.003668601159006357,1.044546365737915,0.0,0.28874117136001587
2,284,14173,0.10066666666666668,-0.4999999888241291,50,5000,1.6886729001998901,0.0024678625632077456,3.0262090149335563e-06,0.0024829935282468796,1.0407708883285522,0.0,0.36655622720718384
2,285,14223,0.09750000000000003,-0.4999999888241291,50,5000,1.6912916898727417,0.001979389926418662,5.677763965650229e-07,0.0019822288304567337,0.9592642188072205,0.0,0.3621240258216858
2,286,14273,0.09433333333333338,-0.4999999888241291,50,5000,1.6943976879119873,0.002572773490101099,5.148729997017654e-06,0.00259851710870862,0.917197585105896,0.0,0.2299691140651703
2,287,14323,0.09116666666666673,-0.4999999888241291,50,5000,1.6995679140090942,0.23618990182876587,1.6920799339459336e-07,0.23619075119495392,0.947744607925415,0.0,0.20906265079975128
2,288,14373,0.08800000000000008,-0.4999999888241291,50,5000,1.7049607038497925,0.0020521723199635744,3.2000855298974784e-07,0.002053772332146764,0.885959267616272,0.0,0.24249769747257233
2,289,14423,0.08483333333333332,-0.4999999888241291,50,5000,1.710218906402588,0.12458888441324234,2.7293251037008304e-07,0.12459024786949158,0.8746242523193359,0.0,0.3367295265197754
2,290,14473,0.08166666666666667,-0.4999999888241291,50,5000,1.716433048248291,0.0035508584696799517,2.4681255581526784e-06,0.0035631991922855377,0.8848975896835327,0.0,0.26962175965309143
2,291,14523,0.07850000000000001,-0.4999999888241291,50,5000,1.7232465744018555,0.0035802056081593037,2.9992663712619105e-06,0.0035952019970864058,0.9496062994003296,0.0,0.4592806398868561
2,292,14573,0.07533333333333336,-0.4999999888241291,50,5000,1.7288615703582764,0.001552509143948555,1.3069333135717898e-06,0.0015590437687933445,0.9660352468490601,0.0,0.25689977407455444
2,293,14623,0.07216666666666671,-0.4999999888241291,50,5000,1.7328674793243408,0.030771629884839058,9.81497350949212e-07,0.030962487682700157,0.9498389959335327,0.0003718987572938204,0.229617178440094
2,294,14673,0.06900000000000006,-0.4999999888241291,50,5000,1.7409340143203735,0.004116666503250599,8.881594112608582e-06,0.0041610742919147015,0.8238356709480286,0.0,0.6022546887397766
2,295,14723,0.06583333333333341,-0.4999999888241291,50,5000,1.747370958328247,0.12395056337118149,4.3653761849782313e-07,0.12395274639129639,0.881624162197113,0.0,0.32021504640579224
2,296,14773,0.06266666666666665,-0.4999999888241291,50,5000,1.7511405944824219,0.0767599567770958,3.811744591075694e-06,0.07677901536226273,0.8777825236320496,0.0,0.30431118607521057
2,297,14823,0.0595,-0.4999999888241291,50,5000,1.756641149520874,0.0037971343845129013,2.7097889869764913e-06,0.0038106832653284073,0.8139404058456421,0.0,0.3559286594390869
2,298,14873,0.05633333333333346,-0.4999999888241291,50,5000,1.7595088481903076,0.0017754528671503067,1.207346940645948e-06,0.0017814895836636424,0.8291854858398438,0.0,0.47626733779907227
2,299,14923,0.053166666666666695,-0.4999999888241291,50,5000,1.7629690170288086,0.11705303192138672,3.1065901566762477e-06,0.1170685663819313,0.8009829521179199,0.0,0.3183138072490692
2,300,14973,0.050000000000000044,-0.4999999888241291,50,5000,1.7676515579223633,0.0679086372256279,1.4871069424771122e-06,0.06791607290506363,0.8042545914649963,0.0,0.3935112953186035
2,301,15023,0.05,-0.4999999888241291,50,5000,1.7729562520980835,0.0017848776187747717,8.15093358141894e-07,0.001788953086361289,0.7621625661849976,0.0,0.3557581305503845
2,302,15073,0.05,-0.4999999888241291,50,5000,1.7774134874343872,0.06064321845769882,1.872546272352338e-05,0.060736846178770065,0.7575032711029053,0.0,0.5088908076286316
2,303,15123,0.05,-0.4999999888241291,50,5000,1.7799229621887207,0.0014334693551063538,8.634521577732812e-07,0.0014377866173163056,0.7846630811691284,0.0,0.24734030663967133
2,304,15173,0.05,-0.4999999888241291,50,5000,1.7829757928848267,0.0010894187726080418,3.20011338317272e-07,0.0010910187847912312,0.7406216263771057,0.0,0.16134949028491974
2,305,15223,0.05,-0.4999999888241291,50,5000,1.7871758937835693,0.12967631220817566,1.8007801827479852e-06,0.12968531250953674,0.6719755530357361,0.0,0.39664721488952637
2,306,15273,0.05,-0.4999999888241291,50,5000,1.7932928800582886,0.07045741379261017,2.9451819045789307e-06,0.07047213613986969,0.6273993253707886,0.0,0.4603637158870697
2,307,15323,0.05,-0.4999999888241291,50,5000,1.7986310720443726,0.07237787544727325,1.5178974308582838e-06,0.07238546758890152,0.6906341910362244,0.0,0.359358012676239
2,308,15373,0.05,-0.4999999888241291,50,5000,1.8010677099227905,0.06969885528087616,4.192580036033178e-06,0.0697198212146759,0.7137761116027832,0.0,0.3159845173358917
2,309,15423,0.05,-0.4999999888241291,50,5000,1.805224895477295,0.06827941536903381,1.574200496179401e-06,0.06828728318214417,0.6379363536834717,0.0,0.3026275634765625
2,310,15473,0.05,-0.4999999888241291,50,5000,1.808841586112976,0.020671240985393524,6.248445743040065e-07,0.020674364641308784,0.6517098546028137,0.0,0.23774926364421844
2,311,15523,0.05,-0.4999999888241291,50,5000,1.819008708000183,0.12372665107250214,1.0927432185781072e-06,0.12373211234807968,0.5396896004676819,0.0,0.7996953725814819
2,312,15573,0.05,-0.4999999888241291,50,5000,1.8195642232894897,0.002580774948000908,5.679639230038447e-07,0.002583614783361554,0.7108896970748901,0.0,0.22701862454414368
2,313,15623,0.05,-0.4999999888241291,50,5000,1.8284120559692383,0.07142838835716248,5.907019158257754e-07,0.07143133878707886,0.5654041767120361,0.0,0.5601250529289246
2,314,15673,0.05,-0.4999999888241291,50,5000,1.8310716152191162,0.06657882779836655,7.28195664123632e-06,0.06661523878574371,0.6180715560913086,0.0,0.44869914650917053
2,315,15723,0.05,-0.4999999888241291,50,5000,1.8349708318710327,0.0014181009028106928,8.477452979605005e-07,0.0014223395846784115,0.5782240629196167,0.0,0.3977172076702118
2,316,15773,0.05,-0.4999999888241291,50,5000,1.8356938362121582,0.12515442073345184,3.614271122387436e-07,0.1251562237739563,0.6512845158576965,0.0,0.1598571240901947
2,317,15823,0.05,-0.4999999888241291,50,5000,1.8439390659332275,0.06777425110340118,7.834639745851746e-07,0.06777817010879517,0.5098215937614441,0.0,0.5724990963935852
2,318,15873,0.05,-0.4999999888241291,50,5000,1.8441660404205322,0.0014397965278476477,3.3035064461728325e-07,0.0015086046187207103,0.628149688243866,0.00013431278057396412,0.1849837303161621
2,319,15923,0.05,-0.4999999888241291,50,5000,1.8480517864227295,0.0013347342610359192,7.992772225406952e-06,0.0013746981276199222,0.5494403839111328,0.0,0.4330459535121918
2,320,15973,0.05,-0.4999999888241291,50,5000,1.8504137992858887,0.06911785900592804,4.627344878826989e-06,0.06914099305868149,0.517503559589386,0.0,0.3191530704498291
2,321,16023,0.05,-0.4999999888241291,50,5000,1.8556220531463623,0.0024639819748699665,1.2378042129057576e-06,0.0024701710790395737,0.4659571647644043,0.0,0.3428000509738922
2,322,16073,0.05,-0.4999999888241291,50,5000,1.8585599660873413,0.0012637574691325426,5.856574603058107e-07,0.0012666857801377773,0.5403751134872437,0.0,0.19309008121490479
2,323,16123,0.05,-0.4999999888241291,50,5000,1.864673376083374,0.12165874242782593,1.9284132122265873e-06,0.12166838347911835,0.4371584951877594,0.0,0.40730035305023193
2,324,16173,0.05,-0.4999999888241291,50,5000,1.8665179014205933,0.0026340270414948463,1.0923191666734056e-06,0.002639488549903035,0.4858260452747345,0.0,0.25159040093421936
2,325,16223,0.05,-0.4999999888241291,50,5000,1.871913194656372,0.001520932069979608,1.7653233953751624e-05,0.0016091982834041119,0.3703297972679138,0.0,0.34999701380729675
2,326,16273,0.05,-0.4999999888241291,50,5000,1.8754591941833496,0.001204432686790824,5.12607698510692e-07,0.0012069956865161657,0.41675812005996704,0.0,0.3398594856262207
2,327,16323,0.05,-0.4999999888241291,50,5000,1.881640076637268,0.06781722605228424,4.9621441178260284e-08,0.06781747192144394,0.3529875874519348,0.0,0.3291826844215393
2,328,16373,0.05,-0.4999999888241291,50,5000,1.8852565288543701,0.0018527503125369549,5.764381967310328e-07,0.0018556325230747461,0.37235721945762634,0.0,0.22296401858329773
2,329,16423,0.05,-0.4999999888241291,50,5000,1.889325737953186,0.13475987315177917,2.465055217726331e-07,0.13476110994815826,0.39865627884864807,0.0,0.23641133308410645
2,330,16473,0.05,-0.4999999888241291,50,5000,1.8989372253417969,0.0007469442207366228,4.929145234200405e-07,0.0007494087913073599,0.3109356760978699,0.0,0.3399325907230377
2,331,16523,0.05,-0.4999999888241291,50,5000,1.900006651878357,0.06723383814096451,3.5220125482737785e-06,0.06725145131349564,0.39055466651916504,0.0,0.3361170291900635
2,332,16573,0.05,-0.4999999888241291,50,5000,1.9035711288452148,0.001973597100004554,2.3953310801516636e-07,0.0019747947808355093,0.3363104462623596,0.0,0.3174411952495575
2,333,16623,0.05,-0.4999999888241291,50,5000,1.907461166381836,0.002155383350327611,3.246099595344276e-06,0.0021716137416660786,0.36931678652763367,0.0,0.18970757722854614
2,334,16673,0.05,-0.4999999888241291,50,5000,1.9111677408218384,0.07150723040103912,1.2599018361925118e-07,0.07150786370038986,0.3278190493583679,0.0,0.4825435280799866
2,335,16723,0.05,-0.4999999888241291,50,5000,1.915207028388977,0.0017313885036855936,3.177562575729098e-06,0.0017472762847319245,0.3369613587856293,0.0,0.3013250529766083
2,336,16773,0.05,-0.4999999888241291,50,5000,1.917273759841919,0.07296331971883774,1.3965244534119847e-06,0.07297030091285706,0.30024030804634094,0.0,0.24196156859397888
2,337,16823,0.05,-0.4999999888241291,50,5000,1.9251352548599243,0.06790290772914886,1.2754268254866474e-06,0.06790928542613983,0.24193179607391357,0.0,0.4801219403743744
2,338,16873,0.05,-0.4999999888241291,50,5000,1.926529884338379,0.0011779764899984002,2.731687345658429e-06,0.0011916349176317453,0.3203786313533783,0.0,0.3141401708126068
2,339,16923,0.05,-0.4999999888241291,50,5000,1.9311566352844238,0.0013746030163019896,6.791113946746918e-07,0.0013779986184090376,0.3165415823459625,0.0,0.3202359676361084
2,340,16973,0.05,-0.4999999888241291,50,5000,1.9367257356643677,0.0010261938441544771,1.327450718235923e-06,0.001032831147313118,0.29644545912742615,0.0,0.3197798728942871
2,341,17023,0.05,-0.4999999888241291,50,5000,1.941237211227417,0.0015398262767121196,1.174629460365395e-07,0.0015404135920107365,0.23227809369564056,0.0,0.3770926594734192
2,342,17073,0.05,-0.4999999888241291,50,5000,1.9462571144104004,0.00272000371478498,5.193498509470373e-06,0.002745971316471696,0.23986314237117767,0.0,0.30617770552635193
2,343,17123,0.05,-0.4999999888241291,50,5000,1.9503570795059204,0.0014746022643521428,7.536090151916142e-07,0.0014783702790737152,0.26586514711380005,0.0,0.4323211908340454
2,344,17173,0.05,-0.4999999888241291,50,5000,1.9565455913543701,0.12478867918252945,1.0304198667654418e-06,0.12479383498430252,0.28702452778816223,0.0,0.32449495792388916
2,345,17223,0.05,-0.4999999888241291,50,5000,1.9606378078460693,0.06312341243028641,2.647390147103579e-07,0.06312473863363266,0.22602729499340057,0.0,0.2918884754180908
2,346,17273,0.05,-0.4999999888241291,50,5000,1.964751124382019,0.22875425219535828,1.433187151178572e-07,0.22875496745109558,0.28660911321640015,0.0,0.49809324741363525
2,347,17323,0.05,-0.4999999888241291,50,5000,1.9670710563659668,0.0017657824791967869,3.619156814238522e-06,0.0017838783096522093,0.32894957065582275,0.0,0.2412814348936081
2,348,17373,0.05,-0.4999999888241291,50,5000,1.969193696975708,0.0013698996044695377,4.315991475323244e-07,0.0013720575952902436,0.23558615148067474,0.0,0.3611043691635132
2,349,17423,0.05,-0.4999999888241291,50,5000,1.9727046489715576,0.0025279505643993616,3.6673682188848034e-06,0.0025462873745709658,0.1360410898923874,0.0,0.3447628319263458
2,350,17473,0.05,-0.4999999888241291,50,5000,1.9768919944763184,0.0018236393807455897,1.1651167142190388e-06,0.0018294649198651314,0.16188910603523254,0.0,0.2891921401023865
2,351,17523,0.05,-0.4999999888241291,50,5000,1.9782823324203491,0.0014210366643965244,8.769929138452426e-08,0.0014214752009138465,0.20150834321975708,0.0,0.3009967803955078
2,352,17573,0.05,-0.4999999888241291,50,5000,1.9795010089874268,0.057053789496421814,1.980524615419199e-07,0.057054780423641205,0.18533669412136078,0.0,0.20085673034191132
2,353,17623,0.05,-0.4999999888241291,50,5000,1.9839786291122437,0.0016751065850257874,3.275124242918537e-07,0.0016767441993579268,0.11522141844034195,0.0,0.2811543643474579
2,354,17673,0.05,-0.4999999888241291,50,5000,1.989277720451355,0.12559017539024353,4.00800615807384e-07,0.1255921721458435,0.09557220339775085,0.0,0.273922860622406
2,355,17723,0.05,-0.4999999888241291,50,5000,1.9938082695007324,0.0009818837279453874,2.8179221089885687e-07,0.0009832927025854588,0.11794538795948029,0.0,0.36732709407806396
2,356,17773,0.05,-0.4999999888241291,50,5000,1.9974957704544067,0.06867892295122147,1.3281761539474246e-06,0.06868556141853333,0.06918124854564667,0.0,0.4207912087440491
2,357,17823,0.05,-0.4999999888241291,50,5000,2.00066876411438,0.0014412386808544397,7.865300233333983e-08,0.0014416319318115711,0.15580710768699646,0.0,0.21707358956336975
2,358,17873,0.05,-0.4999999888241291,50,5000,2.009212017059326,0.3022735118865967,8.750450433581136e-06,0.3023172616958618,-0.021650299429893494,0.0,0.7111430168151855
2,359,17923,0.05,-0.4999999888241291,50,5000,2.0096945762634277,0.001407872186973691,5.7874490977383175e-08,0.0014081615954637527,0.08021937310695648,0.0,0.3242250084877014
2,360,17973,0.05,-0.4999999888241291,50,5000,2.010667562484741,0.05847381800413132,7.338852583416156e-07,0.0584774874150753,0.08444301038980484,0.0,0.2801886200904846
2,361,18023,0.05,-0.4999999888241291,50,5000,2.016165018081665,0.06316326558589935,1.0920095974142896e-06,0.0631687268614769,0.08959987759590149,0.0,0.29087284207344055
2,362,18073,0.05,-0.4999999888241291,50,5000,2.020155429840088,0.0025444028433412313,1.492409069214773e-06,0.002551864832639694,0.07085961103439331,0.0,0.3438240885734558
2,363,18123,0.05,-0.4999999888241291,50,5000,2.0252747535705566,0.0021449883934110403,3.4303215556974465e-07,0.0021467036567628384,0.04817355051636696,0.0,0.3256799280643463
2,364,18173,0.05,-0.4999999888241291,50,5000,2.030738592147827,0.14655965566635132,1.1301468560986905e-07,0.14656022191047668,-0.05581693351268768,0.0,0.5248933434486389
2,365,18223,0.05,-0.4999999888241291,50,5000,2.035291910171509,0.11824654042720795,2.2493759388453327e-06,0.1182577908039093,-0.021742157638072968,0.0,0.4618222713470459
2,366,18273,0.05,-0.4999999888241291,50,5000,2.039238929748535,0.0007493302109651268,1.732105010887608e-05,0.0008359354687854648,-0.02463330700993538,0.0,0.5129410028457642
2,367,18323,0.05,-0.4999999888241291,50,5000,2.0401220321655273,0.060354866087436676,4.4185654246575723e-07,0.060357075184583664,0.072898268699646,0.0,0.34307849407196045
2,368,18373,0.05,-0.4999999888241291,50,5000,2.0453760623931885,0.0011866536224260926,5.968599907646421e-07,0.001189637929201126,0.006726635619997978,0.0,0.331853449344635
2,369,18423,0.05,-0.4999999888241291,50,5000,2.045738697052002,0.05857925862073898,4.898027441413433e-07,0.05858170613646507,0.0384964793920517,0.0,0.30113062262535095
2,370,18473,0.05,-0.4999999888241291,50,5000,2.0473556518554688,0.07356873154640198,7.322853434743593e-07,0.07357238978147507,0.002862660214304924,0.0,0.25952616333961487
2,371,18523,0.05,-0.4999999888241291,50,5000,2.052088737487793,0.0560598149895668,9.139557732851245e-06,0.056105513125658035,-0.047467902302742004,0.0,0.2711564600467682
2,372,18573,0.05,-0.4999999888241291,50,5000,2.0551037788391113,0.05981573462486267,2.469047046815831e-07,0.05981696769595146,-0.054014310240745544,0.0,0.36853331327438354
2,373,18623,0.05,-0.4999999888241291,50,5000,2.059776782989502,0.0012682715896517038,1.0153820539926528e-06,0.0012733484618365765,-0.0997612476348877,0.0,0.45423540472984314
2,374,18673,0.05,-0.4999999888241291,50,5000,2.0618579387664795,0.06128207594156265,8.929250725486781e-06,0.06132672354578972,-0.06707289814949036,0.0,0.5047414898872375
2,375,18723,0.05,-0.4999999888241291,50,5000,2.062286138534546,0.0010441821068525314,8.45590477638325e-08,0.0010446049273014069,0.014490490779280663,0.0,0.2330135703086853
2,376,18773,0.05,-0.4999999888241291,50,5000,2.067364454269409,0.0026200604625046253,4.803299589184462e-07,0.002622462110593915,-0.12420690059661865,0.0,0.2344697117805481
2,377,18823,0.05,-0.4999999888241291,50,5000,2.0696699619293213,0.0006719985394738615,7.692831331951311e-07,0.0006758449599146843,-0.06686542183160782,0.0,0.32658401131629944
2,378,18873,0.05,-0.4999999888241291,50,5000,2.071187734603882,0.23421531915664673,1.3186904652684461e-05,0.2342812567949295,-0.08994834125041962,0.0,0.36178719997406006
2,379,18923,0.05,-0.4999999888241291,50,5000,2.073232889175415,0.0011611533118411899,1.0200297140272596e-07,0.0011616633273661137,-0.15276913344860077,0.0,0.16415318846702576
2,380,18973,0.05,-0.4999999888241291,50,5000,2.0754892826080322,0.056963931769132614,3.5049802704634203e-07,0.05696568265557289,-0.1721148043870926,0.0,0.48320385813713074
2,381,19023,0.05,-0.4999999888241291,50,5000,2.075552225112915,0.11555280536413193,8.65786148551706e-07,0.11555713415145874,-0.0905567854642868,0.0,0.22096467018127441
2,382,19073,0.05,-0.4999999888241291,50,5000,2.081404685974121,0.11492575705051422,9.017034585667716e-07,0.11493026465177536,-0.13201259076595306,0.0,0.24537833034992218
2,383,19123,0.05,-0.4999999888241291,50,5000,2.0881314277648926,0.002292791148647666,4.797430506187084e-07,0.002295189769938588,-0.23947998881340027,0.0,0.5221994519233704
2,384,19173,0.05,-0.4999999888241291,50,5000,2.0878260135650635,0.001324634999036789,1.1537255204530084e-06,0.0013304036110639572,-0.13268698751926422,0.0,0.2896655797958374
2,385,19223,0.05,-0.4999999888241291,50,5000,2.090236186981201,0.04981720447540283,3.359835545779788e-06,0.0498340018093586,-0.1757729947566986,0.0,0.3571910262107849
2,386,19273,0.05,-0.4999999888241291,50,5000,2.0903921127319336,0.0013407793594524264,5.957317128491013e-08,0.0013410772662609816,-0.1267963945865631,0.0,0.17293725907802582
2,387,19323,0.05,-0.4999999888241291,50,5000,2.1013615131378174,0.0013175122439861298,3.935235781682422e-06,0.0013371884124353528,-0.36910325288772583,0.0,0.7300756573677063
2,388,19373,0.05,-0.4999999888241291,50,5000,2.1018176078796387,0.0009852639632299542,5.038314299099511e-08,0.0009855158859863877,-0.16793449223041534,0.0,0.4623352885246277
2,389,19423,0.05,-0.4999999888241291,50,5000,2.109088897705078,0.003038658294826746,2.9302441362233367e-07,0.00304012349806726,-0.2412717193365097,0.0,0.6471748948097229
2,390,19473,0.05,-0.4999999888241291,50,5000,2.109232187271118,0.06623067706823349,1.407561285304837e-07,0.0662313774228096,-0.10908462852239609,0.0,0.2788603603839874
2,391,19523,0.05,-0.4999999888241291,50,5000,2.1169683933258057,0.0031762083526700735,1.019830548898426e-07,0.0031767182517796755,-0.19850103557109833,0.0,0.3885662257671356
2,392,19573,0.05,-0.4999999888241291,50,5000,2.119917154312134,0.052194543182849884,6.09887422342581e-07,0.052197594195604324,-0.18646372854709625,0.0,0.48685723543167114
2,393,19623,0.05,-0.4999999888241291,50,5000,2.120495080947876,0.0015286566922441125,2.6540709541222895e-07,0.0015299837104976177,-0.08474219590425491,0.0,0.2674795091152191
2,394,19673,0.05,-0.4999999888241291,50,5000,2.125028610229492,0.05291427671909332,7.520118572301726e-08,0.05291465297341347,-0.192155659198761,0.0,0.32082226872444153
2,395,19723,0.05,-0.4999999888241291,50,5000,2.1249029636383057,0.001528248656541109,1.2190721463412046e-06,0.0015343440463766456,-0.08561251312494278,0.0,0.1856994479894638
2,396,19773,0.05,-0.4999999888241291,50,5000,2.126420259475708,0.06817511469125748,9.569684067400885e-08,0.06817559152841568,-0.1602487862110138,0.0,0.19268082082271576
2,397,19823,0.05,-0.4999999888241291,50,5000,2.13191819190979,0.11360906064510345,3.8677114844176685e-07,0.11361099779605865,-0.1640983372926712,0.0,0.4033755660057068
2,398,19873,0.05,-0.4999999888241291,50,5000,2.1370041370391846,0.11239048838615417,7.528395826739143e-07,0.11239425092935562,-0.20179790258407593,0.0,0.565182626247406
2,399,19923,0.05,-0.4999999888241291,50,5000,2.1461024284362793,0.11420100927352905,5.141946246567386e-08,0.11420127004384995,-0.2892674207687378,0.0,0.5310422778129578
2,400,19973,0.05,-0.4999999888241291,50,5000,2.1460540294647217,0.1180560365319252,1.7212013290190953e-06,0.11806464195251465,-0.1661219447851181,0.0,0.31218600273132324
2,401,20023,0.05,-0.4999999888241291,50,5000,2.1500191688537598,0.07014507800340652,7.304611813196971e-07,0.07014872878789902,-0.3017701506614685,0.0,0.6255456209182739
2,402,20073,0.05,-0.4999999888241291,50,5000,2.1499412059783936,0.0013031220296397805,5.003305858508611e-08,0.0013033722061663866,-0.19675464928150177,0.0,0.41057536005973816
2,403,20123,0.05,-0.4999999888241291,50,5000,2.1498935222625732,0.0012832132633775473,1.3691155231754237e-07,0.0012838977854698896,-0.11649376899003983,0.0,0.167566180229187
2,404,20173,0.05,-0.4999999888241291,50,5000,2.155214548110962,0.00109022855758667,1.2134739790781168e-06,0.0010962958913296461,-0.26456159353256226,0.0,0.4146402180194855
2,405,20223,0.05,-0.4999999888241291,50,5000,2.155029535293579,0.001384476781822741,3.8107475575088756e-07,0.0013863821513950825,-0.15962879359722137,0.0,0.17307986319065094
2,406,20273,0.05,-0.4999999888241291,50,5000,2.158311128616333,0.0016910493141040206,6.760396331628726e-08,0.001691387384198606,-0.2607443928718567,0.0,0.2465272843837738
2,407,20323,0.05,-0.4999999888241291,50,5000,2.1636133193969727,0.0010939553612843156,1.1031578139863996e-07,0.0010945069370791316,-0.28334420919418335,0.0,0.7171605825424194
2,408,20373,0.05,-0.4999999888241291,50,5000,2.1634442806243896,0.07318200916051865,9.487628176430007e-07,0.07318675518035889,-0.15615175664424896,0.0,0.4031809866428375
2,409,20423,0.05,-0.4999999888241291,50,5000,2.163191556930542,0.050192348659038544,4.845033458877879e-07,0.050194770097732544,-0.10124838352203369,0.0,0.23643085360527039
2,410,20473,0.05,-0.4999999888241291,50,5000,2.168795108795166,0.0007460542838089168,5.729740450988174e-07,0.0007489191484637558,-0.2429940551519394,0.0,0.41517284512519836
2,411,20523,0.05,-0.4999999888241291,50,5000,2.1710057258605957,0.001197094446979463,1.2108930036447418e-07,0.001197699923068285,-0.2319314032793045,0.0,0.3307062089443207
2,412,20573,0.05,-0.4999999888241291,50,5000,2.1710281372070312,0.0015660931821912527,6.686544651302029e-08,0.0015664275269955397,-0.1470303237438202,0.0,0.19080302119255066
2,413,20623,0.05,-0.4999999888241291,50,5000,2.176997184753418,0.0789821669459343,5.982009838589875e-07,0.07898515462875366,-0.22161969542503357,0.0,0.43855783343315125
2,414,20673,0.05,-0.4999999888241291,50,5000,2.1820056438446045,0.11122157424688339,2.1317049686331302e-05,0.11132816225290298,-0.328622043132782,0.0,0.7279779314994812
2,415,20723,0.05,-0.4999999888241291,50,5000,2.1826233863830566,0.04206430912017822,4.5260182446327235e-07,0.04206657037138939,-0.22746945917606354,0.0,0.4004204273223877
2,416,20773,0.05,-0.4999999888241291,50,5000,2.182682514190674,0.001408173586241901,1.2979389794054441e-06,0.0014146632747724652,-0.17690692842006683,0.0,0.1960393339395523
2,417,20823,0.05,-0.4999999888241291,50,5000,2.1842732429504395,0.060729652643203735,1.9211228163840133e-07,0.06073061376810074,-0.2293146252632141,0.0,0.30177974700927734
2,418,20873,0.05,-0.4999999888241291,50,5000,2.1892783641815186,0.001728893956169486,7.769679086777614e-07,0.0017327788518741727,-0.25829625129699707,0.0,0.26280084252357483
2,419,20923,0.05,-0.4999999888241291,50,5000,2.1952545642852783,0.10964290052652359,5.27091344793007e-07,0.1096455380320549,-0.32251617312431335,0.0,0.495821475982666
2,420,20973,0.05,-0.4999999888241291,50,5000,2.195244789123535,0.0013335389085114002,2.4042684287906013e-08,0.0013336591655388474,-0.22339944541454315,0.0,0.3159399926662445
2,421,21023,0.05,-0.4999999888241291,50,5000,2.197019577026367,0.041695669293403625,2.108798042854687e-07,0.04169672355055809,-0.21984952688217163,0.0,0.48942676186561584
2,422,21073,0.05,-0.4999999888241291,50,5000,2.1985371112823486,0.16974404454231262,1.675167186476756e-05,0.16982780396938324,-0.17803895473480225,0.0,0.44484084844589233
2,423,21123,0.05,-0.4999999888241291,50,5000,2.205483913421631,0.0014833437744528055,7.630832442373503e-06,0.0015214979648590088,-0.3276251554489136,0.0,0.5713443160057068
2,424,21173,0.05,-0.4999999888241291,50,5000,2.206084728240967,0.11223265528678894,1.377039211547526e-06,0.1122395396232605,-0.20592138171195984,0.0,0.3885558247566223
2,425,21223,0.05,-0.4999999888241291,50,5000,2.2074105739593506,0.0007335190894082189,3.7045388978640403e-08,0.0007337043061852455,-0.16859255731105804,0.0,0.44069069623947144
2,426,21273,0.05,-0.4999999888241291,50,5000,2.2074294090270996,0.0011519910767674446,7.394710905828106e-07,0.001155688427388668,-0.12080252170562744,0.0,0.26146385073661804
2,427,21323,0.05,-0.4999999888241291,50,5000,2.210428237915039,0.18363197147846222,6.3407896959688514e-06,0.18366368114948273,-0.15221117436885834,0.0,0.26141905784606934
2,428,21373,0.05,-0.4999999888241291,50,5000,2.2120165824890137,0.2982552945613861,6.046167300155503e-07,0.29825830459594727,-0.19586220383644104,0.0,0.28801074624061584
2,429,21423,0.05,-0.4999999888241291,50,5000,2.212003469467163,0.17964576184749603,3.6982376627747726e-07,0.17964760959148407,-0.12035587430000305,0.0,0.14302918314933777
2,430,21473,0.05,-0.4999999888241291,50,5000,2.223142147064209,0.04559008777141571,2.875799054891104e-06,0.04560446739196777,-0.28852155804634094,0.0,0.47937604784965515
2,431,21523,0.05,-0.4999999888241291,50,5000,2.2232322692871094,0.15828728675842285,6.905708005433553e-07,0.15829074382781982,-0.1269272416830063,0.0,0.21913346648216248
2,432,21573,0.05,-0.4999999888241291,50,5000,2.2306790351867676,0.0007527681300416589,4.322095321640518e-07,0.0007549292058683932,-0.23885813355445862,0.0,0.25337693095207214
2,433,21623,0.05,-0.4999999888241291,50,5000,2.236663818359375,0.061185672879219055,2.4037066737037094e-07,0.06118687614798546,-0.33494967222213745,0.0,0.5324773788452148
2,434,21673,0.05,-0.4999999888241291,50,5000,2.236696481704712,0.0018762464169412851,4.385834131426236e-07,0.001878439332358539,-0.184675931930542,0.0,0.2978758215904236
2,435,21723,0.05,-0.4999999888241291,50,5000,2.241509199142456,0.093961700797081,3.659050946680509e-07,0.09396353363990784,-0.2663883566856384,0.0,0.5950813293457031
2,436,21773,0.05,-0.4999999888241291,50,5000,2.241593599319458,0.001531492336653173,5.306392267812043e-07,0.0015341455582529306,-0.15752413868904114,0.0,0.307850182056427
2,437,21823,0.05,-0.4999999888241291,50,5000,2.2451608180999756,0.06953754276037216,9.438150300411507e-06,0.06958473473787308,-0.3349582850933075,0.0,0.44919437170028687
2,438,21873,0.05,-0.4999999888241291,50,5000,2.245309591293335,0.15829220414161682,8.215644697884272e-07,0.15829631686210632,-0.2269771844148636,0.0,0.20515307784080505
2,439,21923,0.05,-0.4999999888241291,50,5000,2.2522926330566406,0.0010715695098042488,2.9905396559115616e-07,0.001073064748197794,-0.34994375705718994,0.0,0.7176701426506042
2,440,21973,0.05,-0.4999999888241291,50,5000,2.2530786991119385,0.0011442682007327676,1.3911171663494315e-06,0.0011512237833812833,-0.24500270187854767,0.0,0.5755975246429443
2,441,22023,0.05,-0.4999999888241291,50,5000,2.2529876232147217,0.06682925671339035,5.872049868571594e-08,0.06682954728603363,-0.15223544836044312,0.0,0.3231297731399536
2,442,22073,0.05,-0.4999999888241291,50,5000,2.2548019886016846,0.001969475531950593,5.878338015463669e-06,0.001998867141082883,-0.13853752613067627,0.0,0.2687218189239502
2,443,22123,0.05,-0.4999999888241291,50,5000,2.264676570892334,0.05294865369796753,2.3818670058517455e-07,0.05294984579086304,-0.3782517611980438,0.0,0.5956698656082153
2,444,22173,0.05,-0.4999999888241291,50,5000,2.2646775245666504,0.001929792924784124,1.3490419803474651e-07,0.0019304674351587892,-0.15979936718940735,0.0,0.33219537138938904
2,445,22223,0.05,-0.4999999888241291,50,5000,2.2711188793182373,0.002359655685722828,3.258851393184159e-06,0.0023759498726576567,-0.19759666919708252,0.0,0.49900001287460327
2,446,22273,0.05,-0.4999999888241291,50,5000,2.2711663246154785,0.11734804511070251,4.6048782564867e-08,0.11734827607870102,-0.1475284993648529,0.0,0.31114140152931213
2,447,22323,0.05,-0.4999999888241291,50,5000,2.273014545440674,0.0013371991226449609,1.591985096638382e-06,0.0013451590202748775,-0.17945770919322968,0.0,0.2735885977745056
2,448,22373,0.05,-0.4999999888241291,50,5000,2.2785985469818115,0.0009162004571408033,9.012611030811968e-07,0.0009207067778334022,-0.19215118885040283,0.0,0.3850063681602478
2,449,22423,0.05,-0.4999999888241291,50,5000,2.2854158878326416,0.0012354967184364796,1.064557437757685e-07,0.0012360289692878723,-0.31305035948753357,0.0,0.44814974069595337
2,450,22473,0.05,-0.4999999888241291,50,5000,2.2881457805633545,0.0022729418706148863,1.1260043208949355e-07,0.0022735048551112413,-0.31639719009399414,0.0,0.6754739880561829
2,451,22523,0.05,-0.4999999888241291,50,5000,2.288250684738159,0.07113998383283615,7.111441959750664e-07,0.07114353775978088,-0.16024649143218994,0.0,0.3490104675292969
2,452,22573,0.05,-0.4999999888241291,50,5000,2.2882468700408936,0.1648501306772232,1.4433196611207677e-06,0.16485734283924103,-0.11529731750488281,0.0,0.21154259145259857
2,453,22623,0.05,-0.4999999888241291,50,5000,2.2976410388946533,0.2254561334848404,9.199874284604448e-07,0.2254607379436493,-0.1333199441432953,0.0,0.3799499571323395
2,454,22673,0.05,-0.4999999888241291,50,5000,2.302795648574829,0.059068214148283005,7.498437639696931e-07,0.05907196179032326,-0.20738181471824646,0.0,0.4968370497226715
2,455,22723,0.05,-0.4999999888241291,50,5000,2.3075692653656006,0.10973462462425232,1.7181242583319545e-05,0.10982052981853485,-0.19472959637641907,0.0,1.0656139850616455
2,456,22773,0.05,-0.4999999888241291,50,5000,2.3111395835876465,0.10552117228507996,6.73927729621937e-07,0.10552453994750977,-0.2016596496105194,0.0,0.8541408777236938
2,457,22823,0.05,-0.4999999888241291,50,5000,2.311034917831421,0.0020321463234722614,1.0011096946982434e-06,0.002037151949480176,-0.11023721098899841,0.0,0.6081664562225342
2,458,22873,0.05,-0.4999999888241291,50,5000,2.310967206954956,0.0011943563586100936,2.551676061557373e-07,0.001195632154121995,-0.05808649957180023,0.0,0.36462071537971497
2,459,22923,0.05,-0.4999999888241291,50,5000,2.315955877304077,0.00060397939523682,6.8719646151294e-07,0.000607415393460542,-0.09226415306329727,0.0,0.3564962148666382
2,460,22973,0.05,-0.4999999888241291,50,5000,2.3218960762023926,0.1118030771613121,6.271284291869961e-07,0.11180621385574341,-0.18758843839168549,0.0,0.4349558353424072
2,461,23023,0.05,-0.4999999888241291,50,5000,2.3218586444854736,0.04874168708920479,8.98661653536692e-07,0.04874617978930473,-0.11894181370735168,0.0,0.2354138195514679
2,462,23073,0.05,-0.4999999888241291,50,5000,2.327147960662842,0.0011524094734340906,7.559409027635411e-07,0.0011561891296878457,-0.22659027576446533,0.0,0.47537410259246826
2,463,23123,0.05,-0.4999999888241291,50,5000,2.3344039916992188,0.0011228504590690136,9.68477706919657e-06,0.0011712743435055017,-0.29435229301452637,0.0,0.6040583848953247
2,464,23173,0.05,-0.4999999888241291,50,5000,2.3354249000549316,0.0012213041773065925,7.685203513574379e-07,0.001225146814249456,-0.1448226422071457,0.0,0.36033156514167786
2,465,23223,0.05,-0.4999999888241291,50,5000,2.3399384021759033,0.04981287196278572,4.776542255058303e-07,0.049815259873867035,-0.2576506435871124,0.0,0.7261348962783813
2,466,23273,0.05,-0.4999999888241291,50,5000,2.3403615951538086,0.002076321979984641,1.206466095027281e-06,0.0021472182124853134,-0.13862642645835876,0.0001297274138778448,0.4666355848312378
2,467,23323,0.05,-0.4999999888241291,50,5000,2.3462748527526855,0.05280822142958641,1.5915999256321811e-06,0.052816178649663925,-0.17177161574363708,0.0,0.7662135362625122
2,468,23373,0.05,-0.4999999888241291,50,5000,2.348984718322754,0.11577744036912918,5.589972147390654e-07,0.11578023433685303,-0.09806632995605469,0.0,0.4668039083480835
2,469,23423,0.05,-0.4999999888241291,50,5000,2.348870277404785,0.11637300997972488,1.8344287866511877e-07,0.1163739264011383,-0.021389927715063095,0.0,0.21667958796024323
2,470,23473,0.05,-0.4999999888241291,50,5000,2.355943202972412,0.0025365997571498156,6.402814278771984e-07,0.0025398011785000563,-0.13318608701229095,0.0,0.29705095291137695
2,471,23523,0.05,-0.4999999888241291,50,5000,2.363809108734131,0.0009384471923112869,2.720065310768405e-07,0.0009398072143085301,-0.15696220099925995,0.0,0.36635810136795044
2,472,23573,0.05,-0.4999999888241291,50,5000,2.363867998123169,0.11075304448604584,2.4836370471348346e-07,0.11075428873300552,-0.06523320823907852,0.0,0.23705989122390747
2,473,23623,0.05,-0.4999999888241291,50,5000,2.3697924613952637,0.11156570166349411,1.5959162737999577e-06,0.11157368123531342,-0.17787715792655945,0.0,0.2935122847557068
2,474,23673,0.05,-0.4999999888241291,50,5000,2.373121500015259,0.11206918209791183,1.6816734387248289e-06,0.11207759380340576,-0.1592349112033844,0.0,0.6259239912033081
2,475,23723,0.05,-0.4999999888241291,50,5000,2.3730340003967285,0.0011673104017972946,9.7564691259322e-07,0.0011721886694431305,-0.08810612559318542,0.0,0.3233815133571625
2,476,23773,0.05,-0.4999999888241291,50,5000,2.377586603164673,0.0018743483815342188,1.6820722521515563e-05,0.001958451932296157,-0.19859860837459564,0.0,0.7090386748313904
2,477,23823,0.05,-0.4999999888241291,50,5000,2.3782873153686523,0.001038223272189498,1.800487297032305e-07,0.0010391235118731856,-0.14729630947113037,0.0,0.4116823673248291
2,478,23873,0.05,-0.4999999888241291,50,5000,2.382880687713623,0.001362080336548388,9.140573524746287e-07,0.0013666505692526698,-0.2372790277004242,0.0,0.5822089910507202
2,479,23923,0.05,-0.4999999888241291,50,5000,2.3852007389068604,0.002115582814440131,6.687463383059367e-07,0.0021189264953136444,-0.2066967636346817,0.0,0.6515582203865051
2,480,23973,0.05,-0.4999999888241291,50,5000,2.385101556777954,0.14433996379375458,6.611664389311045e-07,0.1443432718515396,-0.07320745289325714,0.0,0.45334896445274353
2,481,24023,0.05,-0.4999999888241291,50,5000,2.388942241668701,0.07487272471189499,4.971154794475297e-07,0.07487521320581436,-0.18725551664829254,0.0,0.509456217288971
2,482,24073,0.05,-0.4999999888241291,50,5000,2.3952181339263916,0.0014129888731986284,4.963040964867105e-07,0.0014154703821986914,-0.26139378547668457,0.0,0.570111870765686
2,483,24123,0.05,-0.4999999888241291,50,5000,2.3953945636749268,0.0736880823969841,1.4672648376290454e-06,0.07369542121887207,-0.13485963642597198,0.0,0.3040473461151123
2,484,24173,0.05,-0.4999999888241291,50,5000,2.398085117340088,0.0692417100071907,2.018799932557158e-06,0.06925180554389954,-0.2942315936088562,0.0,0.6764640212059021
2,485,24223,0.05,-0.4999999888241291,50,5000,2.399007797241211,0.1131080612540245,2.8895576633658493e-06,0.11312250792980194,-0.1814456433057785,0.0,0.6653599739074707
2,486,24273,0.05,-0.4999999888241291,50,5000,2.3989298343658447,0.001263225800357759,2.2932404419861996e-07,0.0012643723748624325,-0.07395443320274353,0.0,0.3346545100212097
2,487,24323,0.05,-0.4999999888241291,50,5000,2.4000515937805176,0.0016695510130375624,5.065714049123926e-06,0.0016948796110227704,-0.055594682693481445,0.0,0.38711944222450256
2,488,24373,0.05,-0.4999999888241291,50,5000,2.4033215045928955,0.24949103593826294,2.8300885901444417e-07,0.24949245154857635,-0.09908231347799301,0.0,0.2959464192390442
2,489,24423,0.05,-0.4999999888241291,50,5000,2.406282901763916,0.002225779928267002,4.1694113406265387e-07,0.002227864693850279,-0.06199423223733902,0.0,0.3390949070453644
2,490,24473,0.05,-0.4999999888241291,50,5000,2.415255546569824,0.00199165684171021,2.0148063413216732e-06,0.0020017309579998255,-0.19321118295192719,0.0,0.4505903124809265
2,491,24523,0.05,-0.4999999888241291,50,5000,2.4188385009765625,0.07336442172527313,3.2141889505510335e-07,0.07336603105068207,-0.22384874522686005,0.0,0.8255016207695007
2,492,24573,0.05,-0.4999999888241291,50,5000,2.4193642139434814,0.0016180729726329446,2.2726436554876273e-07,0.0016192093025892973,-0.12973982095718384,0.0,0.4739215075969696
2,493,24623,0.05,-0.4999999888241291,50,5000,2.4249422550201416,0.18176673352718353,7.854507657611975e-07,0.1817706674337387,-0.1675516664981842,0.0,0.8025754690170288
2,494,24673,0.05,-0.4999999888241291,50,5000,2.425615072250366,0.0009539402090013027,8.691716857356369e-08,0.0009543747873976827,-0.07619105279445648,0.0,0.4774349331855774
2,495,24723,0.05,-0.4999999888241291,50,5000,2.425596237182617,0.06467103958129883,3.893491111739422e-07,0.06467298418283463,-0.02797520160675049,0.0,0.31668806076049805
2,496,24773,0.05,-0.4999999888241291,50,5000,2.4299721717834473,0.14406494796276093,1.510048514319351e-05,0.14414045214653015,-0.17782314121723175,0.0,0.4291565418243408
2,497,24823,0.05,-0.4999999888241291,50,5000,2.434901475906372,0.0018345583230257034,1.1422167034425001e-07,0.0018351294565945864,-0.22549794614315033,0.0,0.5433043241500854
2,498,24873,0.05,-0.4999999888241291,50,5000,2.438960075378418,0.10820471495389938,7.154467766667949e-06,0.10824048519134521,-0.2859155833721161,0.0,0.9893537759780884
2,499,24923,0.05,-0.4999999888241291,50,5000,2.439373254776001,0.0014724393840879202,1.1563464852315519e-07,0.0014730175025761127,-0.193216472864151,0.0,0.5591902136802673
2,500,24973,0.05,-0.4999999888241291,50,5000,2.439439535140991,0.14200346171855927,8.78294031281257e-07,0.14200785756111145,-0.09440913796424866,0.0,0.30224642157554626
