seed,episode,global_step,epsilon,episode_return,episode_steps,buffer_size,reward_weights_norm,sr_loss,reward_loss,total_loss,mean_q
1,1,50,0.9968333333333333,-0.4999999888241291,50,50,0.0,0.0,0.0,0.0,0.0
1,2,100,0.9936666666666667,-0.4999999888241291,50,100,0.003643339965492487,0.022760817781090736,7.521104271290824e-05,0.023136872798204422,7.917516632005572e-05
1,3,150,0.9905,-0.4999999888241291,50,150,0.018922705203294754,0.008146319538354874,4.842289680340173e-09,0.008146343752741814,-0.009068110026419163
1,4,200,0.9873333333333333,-0.4999999888241291,50,200,0.018822409212589264,0.0016300900606438518,1.0286359319877647e-08,0.0016301415162160993,-0.03155410662293434
1,5,250,0.9841666666666666,-0.4999999888241291,50,250,0.022015433758497238,0.022799061611294746,1.213803898281185e-06,0.02280513010919094,-0.056557368487119675
1,6,300,0.981,-0.4999999888241291,50,300,0.025947600603103638,0.013271966949105263,1.1068822658444333e-07,0.013272520154714584,-0.08101502805948257
1,7,350,0.9778333333333333,-0.4999999888241291,50,350,0.028484685346484184,0.005092959851026535,1.810725365203325e-07,0.005093865096569061,-0.09769304096698761
1,8,400,0.9746666666666667,-0.4999999888241291,50,400,0.02800324372947216,0.05237581953406334,2.455045660099131e-07,0.05237704887986183,-0.10160180926322937
1,9,450,0.9715,-0.4999999888241291,50,450,0.027979573234915733,0.05856248363852501,1.5228376071263483e-07,0.058563243597745895,-0.09476374089717865
1,10,500,0.9683333333333334,-0.4999999888241291,50,500,0.026114370673894882,0.06143517047166824,2.2372600483322458e-07,0.06143628805875778,-0.08065766096115112
1,11,550,0.9651666666666666,-0.4999999888241291,50,550,0.026715196669101715,0.018032459542155266,1.3291545997162757e-07,0.01803312450647354,-0.062327660620212555
1,12,600,0.962,-0.4999999888241291,50,600,0.02608458697795868,0.006313001271337271,8.171868870476828e-08,0.00631340965628624,-0.055409710854291916
1,13,650,0.9588333333333333,-0.4999999888241291,50,650,0.025794578716158867,0.05217287689447403,5.9471304325597885e-08,0.052173174917697906,-0.0683334618806839
1,14,700,0.9556666666666667,-0.4999999888241291,50,700,0.02611912414431572,0.024929314851760864,6.41000781342882e-08,0.024929635226726532,-0.083758644759655
1,15,750,0.9525,-0.4999999888241291,50,750,0.02725209668278694,0.04848407208919525,2.436514137116319e-07,0.04848529025912285,-0.08437204360961914
1,16,800,0.9493333333333334,-0.4999999888241291,50,800,0.027369637042284012,0.011393542401492596,7.155747283604796e-08,0.011393900029361248,-0.08589688688516617
1,17,850,0.9461666666666667,-0.4999999888241291,50,850,0.029699265956878662,0.06680141389369965,1.0760281554667017e-07,0.06680195033550262,-0.09721793234348297
1,18,900,0.9430000000000001,-0.4999999888241291,50,900,0.03040427342057228,0.010337620042264462,1.254122139471292e-07,0.010338246822357178,-0.10131313651800156
1,19,950,0.9398333333333333,-0.4999999888241291,50,950,0.030961597338318825,0.016089461743831635,4.359083760618887e-08,0.016089679673314095,-0.09258992969989777
1,20,1000,0.9366666666666666,-0.4999999888241291,50,1000,0.032177869230508804,0.03817669674754143,1.547094399256821e-07,0.03817747160792351,-0.07670609652996063
1,21,1050,0.9335,-0.4999999888241291,50,1050,0.03277227282524109,0.05444924533367157,1.8293458481366542e-07,0.05445016175508499,-0.07371477782726288
1,22,1100,0.9303333333333333,-0.4999999888241291,50,1100,0.03209269046783447,0.03953024744987488,9.726441163593336e-08,0.039530735462903976,-0.07063104957342148
1,23,1150,0.9271666666666667,-0.4999999888241291,50,1150,0.03243593871593475,0.017327846959233284,1.2845221419865993e-07,0.01732848957180977,-0.07581335306167603
1,24,1200,0.924,-0.4999999888241291,50,1200,0.03191452473402023,0.014072367921471596,1.2269359217498277e-07,0.014072981663048267,-0.07573715597391129
1,25,1250,0.9208333333333334,-0.4999999888241291,50,1250,0.03217436745762825,0.009769157506525517,7.997635265155623e-08,0.009769557043910027,-0.07687973976135254
1,26,1300,0.9176666666666666,-0.4999999888241291,50,1300,0.032800640910863876,0.013605483807623386,1.3320348557499528e-07,0.013606149703264236,-0.08279874175786972
1,27,1350,0.9145,-0.4999999888241291,50,1350,0.03342283144593239,0.016504475846886635,1.475564346264946e-07,0.01650521345436573,-0.07261528074741364
1,28,1400,0.9113333333333333,-0.4999999888241291,50,1400,0.03378904610872269,0.026125891134142876,1.5185692348040902e-07,0.026126651093363762,-0.08091197907924652
1,29,1450,0.9081666666666667,-0.4999999888241291,50,1450,0.032943855971097946,0.032717566937208176,1.7535215590669395e-07,0.032718442380428314,-0.08200331777334213
1,30,1500,0.905,-0.4999999888241291,50,1500,0.03323962911963463,0.025646964088082314,6.868071267263076e-08,0.025647306814789772,-0.07602056860923767
1,31,1550,0.9018333333333334,-0.4999999888241291,50,1550,0.032694388180971146,0.01577851176261902,7.451943417891016e-08,0.015778884291648865,-0.08059603720903397
1,32,1600,0.8986666666666667,-0.4999999888241291,50,1600,0.032380443066358566,0.031646788120269775,3.0800034522826536e-08,0.03164694085717201,-0.08201265335083008
1,33,1647,0.8955,0.5400000102818012,47,1647,0.03228825330734253,0.06494545936584473,8.342487944901222e-08,0.06494587659835815,-0.08751420676708221
1,34,1697,0.8923333333333333,-0.4999999888241291,50,1697,0.032619159668684006,0.03874281048774719,5.933220492693181e-08,0.03874310851097107,-0.09198320657014847
1,35,1747,0.8891666666666667,-0.4999999888241291,50,1747,0.04126867651939392,0.020844344049692154,5.459168733068509e-06,0.020871639251708984,-0.06850065290927887
1,36,1797,0.886,-0.4999999888241291,50,1797,0.07173052430152893,0.041639380156993866,7.714535058767069e-06,0.04167795181274414,-0.059947527945041656
1,37,1847,0.8828333333333334,-0.4999999888241291,50,1847,0.08136354386806488,0.011318085715174675,3.189687049598433e-05,0.011477570049464703,-0.041775353252887726
1,38,1897,0.8796666666666667,-0.4999999888241291,50,1897,0.07297608256340027,0.06461748480796814,3.8166814420037554e-07,0.06461939215660095,-0.02636580727994442
1,39,1939,0.8765000000000001,0.5900000091642141,42,1939,0.0780743956565857,0.21391239762306213,7.968559657456353e-06,0.21395224332809448,-0.05682748928666115
1,40,1989,0.8733333333333333,-0.4999999888241291,50,1989,0.08211345970630646,0.0060938140377402306,1.2055018487444613e-05,0.006154089234769344,-0.011312776245176792
1,41,2039,0.8701666666666666,-0.4999999888241291,50,2039,0.08606982231140137,0.005212250165641308,0.00011982238356722519,0.005811362061649561,0.08287321776151657
1,42,2074,0.867,0.6600000075995922,35,2074,0.0911591500043869,0.06340765953063965,4.2885942093562335e-05,0.06362208724021912,-0.0036123597528785467
1,43,2124,0.8638333333333333,-0.4999999888241291,50,2124,0.08725928515195847,0.010197770781815052,2.4425780793535523e-06,0.010209983214735985,-0.04132376238703728
1,44,2174,0.8606666666666667,-0.4999999888241291,50,2174,0.09543607383966446,0.0033125635236501694,2.3504215278080665e-05,0.0034300845582038164,-0.035824354737997055
1,45,2224,0.8575,-0.4999999888241291,50,2224,0.1213856115937233,0.09064673632383347,7.610369721078314e-06,0.09068478643894196,0.033937618136405945
1,46,2274,0.8543333333333334,-0.4999999888241291,50,2274,0.15390045940876007,0.011699112132191658,0.00017402188677806407,0.012569221667945385,0.04513099789619446
1,47,2324,0.8511666666666666,-0.4999999888241291,50,2324,0.1545739769935608,0.011587965302169323,5.564187631534878e-06,0.011615786701440811,0.01528206653892994
1,48,2374,0.848,-0.4999999888241291,50,2374,0.1463961899280548,0.0057199918664991856,4.1205375964636914e-06,0.005740594584494829,-0.004582016728818417
1,49,2402,0.8448333333333333,0.7300000060349703,28,2402,0.1460592895746231,0.009060417301952839,2.8474514692788944e-05,0.009202789515256882,-0.018793288618326187
1,50,2452,0.8416666666666667,-0.4999999888241291,50,2452,0.1518726497888565,0.012010238133370876,0.00010770811059046537,0.01254877820611,0.003746834583580494
1,51,2502,0.8385,-0.4999999888241291,50,2502,0.16129456460475922,0.008371843956410885,8.788843842921779e-06,0.008415788412094116,-0.03661484271287918
1,52,2552,0.8353333333333334,-0.4999999888241291,50,2552,0.1527300626039505,0.08851667493581772,1.0284719792252872e-05,0.08856809884309769,-0.01274926494807005
1,53,2602,0.8321666666666667,-0.4999999888241291,50,2602,0.15782791376113892,0.02559478022158146,8.70550957188243e-06,0.025638308376073837,-0.028955265879631042
1,54,2652,0.829,-0.4999999888241291,50,2652,0.15960116684436798,0.05581708624958992,4.412831549416296e-05,0.05603772774338722,0.016499347984790802
1,55,2686,0.8258333333333334,0.6700000073760748,34,2686,0.1554555892944336,0.008095208555459976,1.8420210835756734e-05,0.008187309838831425,0.0460532121360302
1,56,2736,0.8226666666666667,-0.4999999888241291,50,2736,0.1649957001209259,0.008410099893808365,1.1195861588930711e-05,0.008466078899800777,0.06261368095874786
1,57,2786,0.8195,-0.4999999888241291,50,2786,0.16924011707305908,0.006793765351176262,0.00021588228992186487,0.007873176597058773,0.0765322744846344
1,58,2836,0.8163333333333334,-0.4999999888241291,50,2836,0.17028503119945526,0.008236805908381939,1.8053357052849606e-05,0.008327072486281395,0.044202905148267746
1,59,2886,0.8131666666666667,-0.4999999888241291,50,2886,0.17045652866363525,0.009488848969340324,1.1342235666234046e-05,0.009545559994876385,0.06550575792789459
1,60,2936,0.81,-0.4999999888241291,50,2936,0.17943331599235535,0.014241239055991173,1.17529116323567e-05,0.01430000364780426,0.1263628900051117
1,61,2986,0.8068333333333333,-0.4999999888241291,50,2986,0.18070943653583527,0.11592286080121994,0.0004629759059753269,0.11823774129152298,0.07428066432476044
1,62,3036,0.8036666666666666,-0.4999999888241291,50,3036,0.18459726870059967,0.06466719508171082,4.079529026057571e-05,0.0648711696267128,0.08554874360561371
1,63,3086,0.8005,-0.4999999888241291,50,3086,0.19197265803813934,0.011457361280918121,2.4768260118435137e-05,0.01158120296895504,0.08131489157676697
1,64,3136,0.7973333333333333,-0.4999999888241291,50,3136,0.1990119367837906,0.02171013504266739,8.28594511403935e-06,0.021751563996076584,0.09323260188102722
1,65,3186,0.7941666666666667,-0.4999999888241291,50,3186,0.2089918553829193,0.035541046410799026,0.0001297328999498859,0.03618971258401871,0.07368528842926025
1,66,3236,0.791,-0.4999999888241291,50,3236,0.22365759313106537,0.18879562616348267,2.089164081553463e-05,0.18890008330345154,0.07621429115533829
1,67,3286,0.7878333333333334,-0.4999999888241291,50,3286,0.2351943701505661,0.038788776844739914,2.624192347866483e-05,0.03891998529434204,0.05254194140434265
1,68,3336,0.7846666666666666,-0.4999999888241291,50,3336,0.24262100458145142,0.02853989228606224,0.0006836664979346097,0.03195822611451149,0.13730548322200775
1,69,3386,0.7815,-0.4999999888241291,50,3386,0.2569293975830078,0.05690263956785202,0.0004190962645225227,0.058998122811317444,0.09734965115785599
1,70,3436,0.7783333333333333,-0.4999999888241291,50,3436,0.2562103271484375,0.019039645791053772,2.1858886611880735e-05,0.019148940220475197,0.031219450756907463
1,71,3486,0.7751666666666667,-0.4999999888241291,50,3486,0.25935447216033936,0.014248574152588844,0.001271841931156814,0.020607784390449524,0.050948284566402435
1,72,3519,0.772,0.6800000071525574,33,3519,0.2601037323474884,0.04629193991422653,1.3881565791962203e-05,0.046361349523067474,0.09208273142576218
1,73,3569,0.7688333333333334,-0.4999999888241291,50,3569,0.2605592906475067,0.012707552872598171,2.161402881029062e-05,0.012815622612833977,0.1475519984960556
1,74,3619,0.7656666666666667,-0.4999999888241291,50,3619,0.26292309165000916,0.027054987847805023,0.024151135236024857,0.1478106677532196,0.26950931549072266
1,75,3669,0.7625,-0.4999999888241291,50,3669,0.25810402631759644,0.013212221674621105,1.3308237612363882e-05,0.013278762809932232,0.313550740480423
1,76,3719,0.7593333333333333,-0.4999999888241291,50,3719,0.2602072060108185,0.015995780006051064,3.877277413266711e-05,0.01618964411318302,0.2569199502468109
1,77,3769,0.7561666666666667,-0.4999999888241291,50,3769,0.26412659883499146,0.01675797440111637,1.5864145098021254e-05,0.01683729514479637,0.2028241753578186
1,78,3819,0.753,-0.4999999888241291,50,3819,0.26570427417755127,0.021358394995331764,1.064195475919405e-05,0.021411605179309845,0.08501488715410233
1,79,3869,0.7498333333333334,-0.4999999888241291,50,3869,0.26713576912879944,0.10675475746393204,2.2758953491575085e-05,0.10686855018138885,0.08432979136705399
1,80,3919,0.7466666666666667,-0.4999999888241291,50,3919,0.2741531431674957,0.016796797513961792,2.1907508198637515e-05,0.016906335949897766,0.10066564381122589
1,81,3969,0.7435,-0.4999999888241291,50,3969,0.2759796380996704,0.03442830219864845,0.02466893009841442,0.157772958278656,0.04584304243326187
1,82,4019,0.7403333333333333,-0.4999999888241291,50,4019,0.2765742838382721,0.028838766738772392,8.408224675804377e-05,0.029259178787469864,0.053225260227918625
1,83,4069,0.7371666666666667,-0.4999999888241291,50,4069,0.2813454568386078,0.20636127889156342,1.3068169209873304e-05,0.20642662048339844,0.035712916404008865
1,84,4106,0.734,0.640000008046627,37,4106,0.28599366545677185,0.08569986373186111,0.023202233016490936,0.2017110288143158,0.014449378475546837
1,85,4146,0.7308333333333333,0.6100000087171793,40,4146,0.2878418564796448,0.0618426539003849,1.5477324268431403e-05,0.06192003935575485,0.02369293011724949
1,86,4196,0.7276666666666667,-0.4999999888241291,50,4196,0.2873208224773407,0.010055705904960632,4.874007572652772e-05,0.01029940601438284,-0.055562376976013184
1,87,4246,0.7245,-0.4999999888241291,50,4246,0.28634777665138245,0.009102718904614449,0.0007389180245809257,0.012797309085726738,-0.08494111895561218
1,88,4296,0.7213333333333334,-0.4999999888241291,50,4296,0.29185211658477783,0.0770426020026207,0.0007761074812151492,0.08092314004898071,-0.09894458949565887
1,89,4346,0.7181666666666666,-0.4999999888241291,50,4346,0.3004678189754486,0.009165762923657894,0.0007138804066926241,0.012735164724290371,-0.13595543801784515
1,90,4396,0.7150000000000001,-0.4999999888241291,50,4396,0.29934027791023254,0.02897902950644493,3.963488416047767e-05,0.02917720377445221,-0.14878389239311218
1,91,4446,0.7118333333333333,-0.4999999888241291,50,4446,0.2997347116470337,0.02162422426044941,2.682256672414951e-05,0.021758336573839188,-0.21020080149173737
1,92,4496,0.7086666666666668,-0.4999999888241291,50,4496,0.29837462306022644,0.04637058079242706,5.753236109740101e-05,0.046658243983983994,-0.22332067787647247
1,93,4546,0.7055,-0.4999999888241291,50,4546,0.2970221936702728,0.07041759788990021,4.275066385162063e-05,0.07063134759664536,-0.15751983225345612
1,94,4596,0.7023333333333333,-0.4999999888241291,50,4596,0.2909259796142578,0.08615179359912872,5.5303586123045534e-05,0.08642831444740295,-0.06753542274236679
1,95,4646,0.6991666666666667,-0.4999999888241291,50,4646,0.2747436761856079,0.04104508459568024,0.000491676211822778,0.04350346699357033,0.11936625838279724
1,96,4696,0.696,-0.4999999888241291,50,4696,0.27372312545776367,0.06082082912325859,0.00010028866381617263,0.06132227182388306,0.1968357115983963
1,97,4746,0.6928333333333334,-0.4999999888241291,50,4746,0.27519574761390686,0.008166630752384663,1.197581605083542e-05,0.008226510137319565,0.1382153332233429
1,98,4796,0.6896666666666667,-0.4999999888241291,50,4796,0.27705541253089905,0.0057851215824484825,7.244304470077623e-06,0.005821343045681715,0.055972009897232056
1,99,4830,0.6865,0.6700000073760748,34,4830,0.28178566694259644,0.042940642684698105,1.0389169801783282e-05,0.04299258813261986,0.03463834524154663
1,100,4880,0.6833333333333333,-0.4999999888241291,50,4880,0.2869545519351959,0.11831144988536835,5.354786935640732e-06,0.11833822727203369,-0.024527141824364662
1,101,4925,0.6801666666666667,0.5600000098347664,45,4925,0.2903965711593628,0.014839629642665386,0.0006750505417585373,0.018214881420135498,-0.02034902200102806
1,102,4975,0.677,-0.4999999888241291,50,4975,0.2955548167228699,0.014008482918143272,1.6029996913857758e-05,0.01408863253891468,-0.02626967616379261
1,103,5023,0.6738333333333333,0.5300000105053186,48,5000,0.2998453676700592,0.1049102246761322,0.026618504896759987,0.238002747297287,-0.017800603061914444
1,104,5073,0.6706666666666667,-0.4999999888241291,50,5000,0.3081420063972473,0.013805593363940716,0.00010652567289071158,0.014338221400976181,-0.019021175801753998
1,105,5123,0.6675,-0.4999999888241291,50,5000,0.31265977025032043,0.01793975755572319,6.012989160808502e-06,0.017969822511076927,-0.07685048133134842
1,106,5173,0.6643333333333333,-0.4999999888241291,50,5000,0.32316726446151733,0.07135660946369171,3.083650881308131e-05,0.07151079177856445,-0.050903499126434326
1,107,5223,0.6611666666666667,-0.4999999888241291,50,5000,0.32486072182655334,0.0278423260897398,0.02107011340558529,0.13319289684295654,-0.05633029341697693
1,108,5273,0.658,-0.4999999888241291,50,5000,0.33378031849861145,0.014907621778547764,1.657933353271801e-05,0.014990518800914288,-0.04036198928952217
1,109,5323,0.6548333333333334,-0.4999999888241291,50,5000,0.3376213312149048,0.08443090319633484,1.0147404282179195e-05,0.08448164165019989,-0.018128428608179092
1,110,5373,0.6516666666666667,-0.4999999888241291,50,5000,0.3333619236946106,0.01149221882224083,0.0012234508758410811,0.017609473317861557,-0.0041517894715070724
1,111,5423,0.6485000000000001,-0.4999999888241291,50,5000,0.33374130725860596,0.06616492569446564,1.4802250007051043e-05,0.06623893976211548,-0.02058907225728035
1,112,5473,0.6453333333333333,-0.4999999888241291,50,5000,0.3377630114555359,0.08055788278579712,0.021687272936105728,0.18899424374103546,0.03763304278254509
1,113,5523,0.6421666666666668,-0.4999999888241291,50,5000,0.3402278423309326,0.16123418509960175,0.002209145575761795,0.17227990925312042,0.036341749131679535
1,114,5573,0.639,-0.4999999888241291,50,5000,0.34592491388320923,0.008714226074516773,1.7035179553204216e-05,0.008799402043223381,-0.05612580105662346
1,115,5601,0.6358333333333333,0.7300000060349703,28,5000,0.34728989005088806,0.10824840515851974,0.00016798111028037965,0.10908830910921097,-0.060622651129961014
1,116,5651,0.6326666666666667,-0.4999999888241291,50,5000,0.3425326347351074,0.04637478291988373,0.0007552612223662436,0.05015108734369278,-0.018344003707170486
1,117,5681,0.6295,0.7100000064820051,30,5000,0.34058380126953125,0.006627747323364019,1.3443921488942578e-05,0.0066949669271707535,-0.04328128322958946
1,118,5731,0.6263333333333334,-0.4999999888241291,50,5000,0.342349112033844,0.05440191179513931,2.7569447411224246e-05,0.0545397587120533,-0.005762786138802767
1,119,5781,0.6231666666666666,-0.4999999888241291,50,5000,0.3477785289287567,0.009522435255348682,3.157773971906863e-05,0.009680324234068394,-0.03664965555071831
1,120,5829,0.62,0.5300000105053186,48,5000,0.3541668653488159,0.010942929424345493,0.0013322189915925264,0.017604023218154907,0.0011466245632618666
1,121,5879,0.6168333333333333,-0.4999999888241291,50,5000,0.36192214488983154,0.013640404678881168,0.0027367614675313234,0.027324210852384567,0.007635611575096846
1,122,5929,0.6136666666666667,-0.4999999888241291,50,5000,0.36400553584098816,0.1296253800392151,2.65020971710328e-05,0.12975789606571198,-0.021315963938832283
1,123,5979,0.6105,-0.4999999888241291,50,5000,0.3681577742099762,0.03027321584522724,0.020113147795200348,0.13083896040916443,-0.0646401047706604
1,124,6029,0.6073333333333333,-0.4999999888241291,50,5000,0.3730456531047821,0.014689512550830841,2.303004657733254e-05,0.014804663136601448,-0.07998531311750412
1,125,6079,0.6041666666666667,-0.4999999888241291,50,5000,0.3716082274913788,0.08761975169181824,5.008824882679619e-05,0.08787019550800323,-0.0987781211733818
1,126,6129,0.601,-0.4999999888241291,50,5000,0.37678495049476624,0.01917886920273304,3.0026325475773774e-05,0.019329000264406204,-0.13842114806175232
1,127,6179,0.5978333333333333,-0.4999999888241291,50,5000,0.38270702958106995,0.024005990475416183,5.8937090216204524e-05,0.024300675839185715,-0.15249361097812653
1,128,6229,0.5946666666666667,-0.4999999888241291,50,5000,0.3921280801296234,0.02314963936805725,6.0537477111211047e-05,0.02345232665538788,-0.1766912341117859
1,129,6279,0.5915,-0.4999999888241291,50,5000,0.3979756236076355,0.027079742401838303,0.001046329620294273,0.032311391085386276,-0.15673421323299408
1,130,6329,0.5883333333333334,-0.4999999888241291,50,5000,0.39594951272010803,0.05969872698187828,0.0002573785895947367,0.06098562106490135,-0.022245533764362335
1,131,6379,0.5851666666666667,-0.4999999888241291,50,5000,0.3950114846229553,0.02726391702890396,0.0009617856703698635,0.032072845846414566,0.03175761550664902
1,132,6429,0.5820000000000001,-0.4999999888241291,50,5000,0.3940489888191223,0.014946183189749718,2.331303767277859e-05,0.015062748454511166,0.11072568595409393
1,133,6479,0.5788333333333333,-0.4999999888241291,50,5000,0.3907923400402069,0.015305456705391407,0.0008785323007032275,0.019698118790984154,0.13088692724704742
1,134,6529,0.5756666666666668,-0.4999999888241291,50,5000,0.3934062421321869,0.10730039328336716,1.551125205878634e-05,0.10737794637680054,0.12060507386922836
1,135,6579,0.5725,-0.4999999888241291,50,5000,0.39139658212661743,0.025264877825975418,2.0683482944150455e-05,0.02536829560995102,0.04915405437350273
1,136,6629,0.5693333333333334,-0.4999999888241291,50,5000,0.39975476264953613,0.1242976039648056,1.1308483408356551e-05,0.12435414642095566,0.005766415968537331
1,137,6679,0.5661666666666667,-0.4999999888241291,50,5000,0.40432170033454895,0.0350094735622406,1.5475823602173477e-05,0.03508685156702995,0.0035974541679024696
1,138,6729,0.563,-0.4999999888241291,50,5000,0.4127027690410614,0.028644965961575508,2.0440103980945423e-05,0.028747165575623512,0.06560509651899338
1,139,6779,0.5598333333333334,-0.4999999888241291,50,5000,0.41694551706314087,0.04880429059267044,0.01935870200395584,0.14559780061244965,0.05797256901860237
1,140,6829,0.5566666666666666,-0.4999999888241291,50,5000,0.4163340628147125,0.10899677127599716,1.2187075299152639e-05,0.1090577095746994,0.09322170913219452
1,141,6879,0.5535000000000001,-0.4999999888241291,50,5000,0.41213053464889526,0.02745518647134304,3.46500200976152e-05,0.02762843668460846,0.14272265136241913
1,142,6929,0.5503333333333333,-0.4999999888241291,50,5000,0.409155935049057,0.11339069902896881,0.002622708212584257,0.12650424242019653,0.2051953375339508
1,143,6979,0.5471666666666667,-0.4999999888241291,50,5000,0.4174518585205078,0.10234710574150085,2.2597370843868703e-05,0.1024600937962532,0.23137545585632324
1,144,7029,0.544,-0.4999999888241291,50,5000,0.4217076897621155,0.1430322229862213,2.0422807210707106e-05,0.14313434064388275,0.27238038182258606
1,145,7079,0.5408333333333333,-0.4999999888241291,50,5000,0.4196309447288513,0.018669068813323975,3.6819023080170155e-05,0.018853163346648216,0.24440686404705048
1,146,7129,0.5376666666666667,-0.4999999888241291,50,5000,0.4234856069087982,0.11595412343740463,4.524616088019684e-05,0.11618035286664963,0.2585153877735138
1,147,7179,0.5345,-0.4999999888241291,50,5000,0.4240417778491974,0.04513249546289444,0.021919921040534973,0.1547321081161499,0.2198513299226761
1,148,7229,0.5313333333333333,-0.4999999888241291,50,5000,0.4333243668079376,0.01336283516138792,2.309752380824648e-05,0.013478322885930538,0.1799992471933365
1,149,7279,0.5281666666666667,-0.4999999888241291,50,5000,0.43506500124931335,0.0120061244815588,1.4610901416745037e-05,0.012079179286956787,0.10847212374210358
1,150,7329,0.525,-0.4999999888241291,50,5000,0.434556245803833,0.018393557518720627,0.001213842653669417,0.02446277067065239,0.15066677331924438
1,151,7379,0.5218333333333334,-0.4999999888241291,50,5000,0.43756043910980225,0.059029657393693924,0.0014233210822567344,0.06614626199007034,0.22986100614070892
1,152,7429,0.5186666666666666,-0.4999999888241291,50,5000,0.43483301997184753,0.09060624241828918,1.370089921692852e-05,0.0906747505068779,0.2766042947769165
1,153,7479,0.5155000000000001,-0.4999999888241291,50,5000,0.43678775429725647,0.00753494817763567,3.598971034080023e-06,0.00755294319242239,0.28819385170936584
1,154,7529,0.5123333333333333,-0.4999999888241291,50,5000,0.44087088108062744,0.005421357229351997,8.176783921953756e-06,0.005462241359055042,0.22282861173152924
1,155,7579,0.5091666666666667,-0.4999999888241291,50,5000,0.4522165060043335,0.04130994528532028,0.018390893936157227,0.133264422416687,0.14121216535568237
1,156,7629,0.506,-0.4999999888241291,50,5000,0.4584358334541321,0.19001740217208862,7.5975303843733855e-06,0.19005538523197174,0.1419253945350647
1,157,7679,0.5028333333333334,-0.4999999888241291,50,5000,0.45320942997932434,0.1153293028473854,7.301799996639602e-06,0.11536581069231033,0.1445925086736679
1,158,7729,0.4996666666666667,-0.4999999888241291,50,5000,0.4503013789653778,0.007253807969391346,1.227859866048675e-05,0.007315200753509998,0.1465553194284439
1,159,7779,0.49650000000000005,-0.4999999888241291,50,5000,0.45696118474006653,0.012265876866877079,8.532014362572227e-06,0.012308537028729916,0.1503177434206009
1,160,7829,0.4933333333333334,-0.4999999888241291,50,5000,0.45383420586586,0.1193135678768158,2.4052580556599423e-05,0.11943382769823074,0.18993549048900604
1,161,7879,0.49016666666666675,-0.4999999888241291,50,5000,0.4544272720813751,0.21846714615821838,0.0008179583819583058,0.222556933760643,0.13527846336364746
1,162,7929,0.487,-0.4999999888241291,50,5000,0.4586721956729889,0.007738468702882528,1.1513860044942703e-05,0.007796037942171097,0.12603147327899933
1,163,7979,0.48383333333333334,-0.4999999888241291,50,5000,0.4720897376537323,0.013704321347177029,6.807570571254473e-06,0.013738359324634075,0.13330617547035217
1,164,8029,0.4806666666666667,-0.4999999888241291,50,5000,0.4710647165775299,0.10898347198963165,1.0428972018416971e-05,0.10903561860322952,0.11129340529441833
1,165,8079,0.47750000000000004,-0.4999999888241291,50,5000,0.4774898290634155,0.11546441912651062,1.0010768164647743e-05,0.11551447212696075,0.15946634113788605
1,166,8129,0.4743333333333334,-0.4999999888241291,50,5000,0.4825117886066437,0.09269129484891891,1.7462396499468014e-05,0.09277860820293427,0.11401655524969101
1,167,8179,0.47116666666666673,-0.4999999888241291,50,5000,0.4781476557254791,0.010709401220083237,1.15596685645869e-05,0.010767199099063873,0.08179207891225815
1,168,8229,0.46799999999999997,-0.4999999888241291,50,5000,0.47461381554603577,0.016293782740831375,3.5709583698917413e-06,0.016311638057231903,0.10997886210680008
1,169,8279,0.4648333333333333,-0.4999999888241291,50,5000,0.4769756495952606,0.07746145129203796,1.0874664440052584e-05,0.07751582562923431,0.11297527700662613
1,170,8329,0.46166666666666667,-0.4999999888241291,50,5000,0.49141255021095276,0.09291362017393112,0.002884131157770753,0.10733427852392197,0.13142015039920807
1,171,8379,0.4585,-0.4999999888241291,50,5000,0.4935762584209442,0.10042686760425568,5.913420409342507e-06,0.10045643150806427,0.09918248653411865
1,172,8429,0.45533333333333337,-0.4999999888241291,50,5000,0.49798378348350525,0.020066622644662857,2.475626206432935e-05,0.020190404728055,0.16465888917446136
1,173,8479,0.4521666666666667,-0.4999999888241291,50,5000,0.4936676621437073,0.02497652918100357,9.728412805998232e-06,0.025025172159075737,0.23923073709011078
1,174,8529,0.44900000000000007,-0.4999999888241291,50,5000,0.4914754629135132,0.07234823703765869,0.0008301795460283756,0.07649913430213928,0.2800302505493164
1,175,8579,0.4458333333333333,-0.4999999888241291,50,5000,0.4935067296028137,0.012024208903312683,2.8669199309661053e-05,0.012167555280029774,0.25078848004341125
1,176,8629,0.44266666666666665,-0.4999999888241291,50,5000,0.49567240476608276,0.010055684484541416,2.559657150413841e-05,0.01018366776406765,0.24638211727142334
1,177,8679,0.4395,-0.4999999888241291,50,5000,0.504496693611145,0.010843196883797646,1.4210694644134492e-05,0.010914250276982784,0.20201459527015686
1,178,8729,0.43633333333333335,-0.4999999888241291,50,5000,0.5084201097488403,0.014193596318364143,1.827890628192108e-05,0.014284990727901459,0.16334640979766846
1,179,8776,0.4331666666666667,0.5400000102818012,47,5000,0.510418713092804,0.012510361149907112,2.08722867682809e-05,0.012614722363650799,0.16234813630580902
1,180,8826,0.43000000000000005,-0.4999999888241291,50,5000,0.5118169784545898,0.011266139335930347,4.729732245323248e-05,0.011502626352012157,0.12735329568386078
1,181,8876,0.4268333333333333,-0.4999999888241291,50,5000,0.511950671672821,0.016787094995379448,0.0012440587161108851,0.023007389158010483,0.11767436563968658
1,182,8926,0.42366666666666664,-0.4999999888241291,50,5000,0.5177849531173706,0.12439608573913574,0.0011865082196891308,0.13032862544059753,0.11984023451805115
1,183,8976,0.4205,-0.4999999888241291,50,5000,0.5185928344726562,0.067975252866745,3.3397984225302935e-05,0.06814224272966385,0.04681912064552307
1,184,9010,0.41733333333333344,0.6700000073760748,34,5000,0.5155379176139832,0.14555864036083221,7.325056503759697e-05,0.1459248960018158,0.16767752170562744
1,185,9060,0.4141666666666667,-0.4999999888241291,50,5000,0.5114451050758362,0.02743234857916832,0.00095851079095155,0.032224901020526886,0.42236950993537903
1,186,9110,0.41100000000000003,-0.4999999888241291,50,5000,0.5187112092971802,0.02134164609014988,0.0004191916377749294,0.023437604308128357,0.5644291639328003
1,187,9160,0.4078333333333334,-0.4999999888241291,50,5000,0.5211824774742126,0.014011074788868427,2.194307671743445e-05,0.014120790176093578,0.5596202611923218
1,188,9210,0.4046666666666666,-0.4999999888241291,50,5000,0.5246695280075073,0.013119188137352467,2.9349204851314425e-05,0.013265933841466904,0.5170742273330688
1,189,9260,0.4015000000000001,-0.4999999888241291,50,5000,0.5211676955223083,0.01314864307641983,3.065067721763626e-05,0.01330189686268568,0.4926995635032654
1,190,9310,0.39833333333333343,-0.4999999888241291,50,5000,0.5209773778915405,0.07412081956863403,2.1811256374348886e-05,0.07422987371683121,0.36608248949050903
1,191,9360,0.39516666666666667,-0.4999999888241291,50,5000,0.5195527672767639,0.005807388573884964,3.668757562991232e-05,0.005990826524794102,0.3687078654766083
1,192,9410,0.392,-0.4999999888241291,50,5000,0.5227354764938354,0.09737206250429153,1.0871742233575787e-05,0.09742642194032669,0.2956705689430237
1,193,9460,0.38883333333333336,-0.4999999888241291,50,5000,0.526367723941803,0.09080459922552109,0.00014405391993932426,0.0915248692035675,0.2895672023296356
1,194,9510,0.3856666666666667,-0.4999999888241291,50,5000,0.5300294756889343,0.09015349298715591,1.2880168469564524e-05,0.09021789580583572,0.32798951864242554
1,195,9560,0.38250000000000006,-0.4999999888241291,50,5000,0.533751904964447,0.08808694779872894,0.00030804917332716286,0.08962719142436981,0.3354683518409729
1,196,9610,0.3793333333333334,-0.4999999888241291,50,5000,0.5353323221206665,0.00580567866563797,0.0011015698546543717,0.011313527822494507,0.3243542015552521
1,197,9660,0.37616666666666676,-0.4999999888241291,50,5000,0.5417751669883728,0.06851775199174881,1.2984428394702263e-05,0.0685826763510704,0.3362865447998047
1,198,9710,0.373,-0.4999999888241291,50,5000,0.5421080589294434,0.005387632176280022,9.671098268881906e-06,0.005435987841337919,0.316292941570282
1,199,9760,0.36983333333333335,-0.4999999888241291,50,5000,0.5432562828063965,0.09838251769542694,7.292124337254791e-06,0.09841898083686829,0.3287292420864105
1,200,9810,0.3666666666666667,-0.4999999888241291,50,5000,0.540161669254303,0.002694725291803479,1.509520643594442e-05,0.002770201303064823,0.2908267378807068
1,201,9860,0.36350000000000005,-0.4999999888241291,50,5000,0.5433611273765564,0.0032559537794440985,3.7230051930237096e-06,0.003274568822234869,0.2777934968471527
1,202,9910,0.3603333333333334,-0.4999999888241291,50,5000,0.5432833433151245,0.004352013114839792,1.4580586139345542e-05,0.004424916114658117,0.2431783378124237
1,203,9960,0.35716666666666674,-0.4999999888241291,50,5000,0.5442194938659668,0.1818232238292694,3.456714330241084e-05,0.18199606239795685,0.2490871101617813
1,204,10010,0.354,-0.4999999888241291,50,5000,0.5473412275314331,0.0036329668946564198,1.7459191440138966e-05,0.003720262786373496,0.19911901652812958
1,205,10060,0.35083333333333333,-0.4999999888241291,50,5000,0.5440864562988281,0.17498601973056793,4.856187388213584e-06,0.1750102937221527,0.20541664958000183
1,206,10110,0.3476666666666667,-0.4999999888241291,50,5000,0.5431161522865295,0.036751922219991684,0.025652460753917694,0.16501423716545105,0.14725728332996368
1,207,10160,0.34450000000000003,-0.4999999888241291,50,5000,0.5443591475486755,0.0056124236434698105,5.415490704763215e-06,0.005639500916004181,0.12392321228981018
1,208,10210,0.3413333333333334,-0.4999999888241291,50,5000,0.5440665483474731,0.007871128618717194,0.00019292683282401413,0.008835762739181519,0.06584534794092178
1,209,10260,0.3381666666666667,-0.4999999888241291,50,5000,0.5473299026489258,0.06961437314748764,3.9576269045937806e-05,0.06981225311756134,0.07813391089439392
1,210,10310,0.3350000000000001,-0.4999999888241291,50,5000,0.5482845306396484,0.004098542965948582,1.1764200280595105e-05,0.004157363902777433,0.04492199793457985
1,211,10360,0.3318333333333333,-0.4999999888241291,50,5000,0.5526728630065918,0.004426224157214165,1.4164806088956539e-05,0.004497047979384661,0.037021614611148834
1,212,10410,0.32866666666666666,-0.4999999888241291,50,5000,0.5562805533409119,0.0067490460351109505,0.0001048562626237981,0.007273327559232712,0.029424721375107765
1,213,10460,0.3255,-0.4999999888241291,50,5000,0.5556552410125732,0.006433803588151932,1.8175078366766684e-05,0.006524678785353899,0.01100919023156166
1,214,10510,0.32233333333333336,-0.4999999888241291,50,5000,0.5603955388069153,0.06662679463624954,0.00014458681107498705,0.06734973192214966,0.015184503979980946
1,215,10560,0.3191666666666667,-0.4999999888241291,50,5000,0.5636195540428162,0.005560207646340132,1.271109522349434e-05,0.005623762961477041,0.032189927995204926
1,216,10610,0.31600000000000006,-0.4999999888241291,50,5000,0.5647451281547546,0.06480726599693298,1.4160732462187298e-05,0.06487806886434555,0.0402262806892395
1,217,10660,0.3128333333333333,-0.4999999888241291,50,5000,0.5640316009521484,0.05353086441755295,2.3423213860951364e-05,0.053647980093955994,0.08839308470487595
1,218,10710,0.30966666666666665,-0.4999999888241291,50,5000,0.5650655031204224,0.003263060236349702,8.051136319409125e-06,0.003303315956145525,0.06416422128677368
1,219,10760,0.3065,-0.4999999888241291,50,5000,0.5629985332489014,0.0038835506420582533,2.352236333535984e-05,0.004001162480562925,0.08829950541257858
1,220,10810,0.30333333333333345,-0.4999999888241291,50,5000,0.5632158517837524,0.0032893221359699965,1.1334524060657714e-05,0.003345994744449854,0.0731135755777359
1,221,10860,0.3001666666666667,-0.4999999888241291,50,5000,0.5660885572433472,0.0022259564138948917,1.2601155503944028e-05,0.002288962248712778,-0.01077683549374342
1,222,10910,0.29700000000000004,-0.4999999888241291,50,5000,0.5641316175460815,0.08059308677911758,3.0007749955984764e-06,0.08060809224843979,0.022672293707728386
1,223,10960,0.2938333333333334,-0.4999999888241291,50,5000,0.5614458918571472,0.06197988614439964,1.0991828276019078e-05,0.06203484535217285,0.052439134567976
1,224,11010,0.29066666666666663,-0.4999999888241291,50,5000,0.5574649572372437,0.08746720105409622,7.434362942149164e-06,0.08750437200069427,0.049429357051849365
1,225,11060,0.2875000000000001,-0.4999999888241291,50,5000,0.558106541633606,0.008128872141242027,1.1570869901333936e-05,0.008186726830899715,0.07427013665437698
1,226,11110,0.28433333333333344,-0.4999999888241291,50,5000,0.5562818050384521,0.0077089956030249596,1.8072445527650416e-05,0.007799357641488314,0.07839345186948776
1,227,11160,0.2811666666666667,-0.4999999888241291,50,5000,0.5567365884780884,0.05041607841849327,7.341484888456762e-06,0.050452787429094315,0.055380165576934814
1,228,11210,0.278,-0.4999999888241291,50,5000,0.5624351501464844,0.006616059225052595,1.1133090083603747e-05,0.00667172484099865,0.08118456602096558
1,229,11260,0.2748333333333334,-0.4999999888241291,50,5000,0.5687180161476135,0.08848562091588974,1.0946418115054257e-05,0.08854035288095474,0.09894120693206787
1,230,11310,0.2716666666666666,-0.4999999888241291,50,5000,0.5659616589546204,0.005367709323763847,5.7914039643947035e-06,0.005396666470915079,0.09197459369897842
1,231,11360,0.26850000000000007,-0.4999999888241291,50,5000,0.5632233619689941,0.004448985680937767,1.9388562577660196e-06,0.0044586798176169395,0.12206097692251205
1,232,11410,0.2653333333333334,-0.4999999888241291,50,5000,0.5586969256401062,0.14708757400512695,9.884271094051655e-06,0.14713700115680695,0.10559048503637314
1,233,11460,0.26216666666666677,-0.4999999888241291,50,5000,0.556369960308075,0.006014093291014433,1.1046384315704927e-05,0.006069325376302004,0.05839156359434128
1,234,11510,0.259,-0.4999999888241291,50,5000,0.5538291931152344,0.07313989102840424,0.0008634569821879268,0.07745717465877533,0.06513771414756775
1,235,11560,0.25583333333333336,-0.4999999888241291,50,5000,0.5552114248275757,0.003221736988052726,5.917901489738142e-06,0.0032513265032321215,0.07810933887958527
1,236,11610,0.2526666666666667,-0.4999999888241291,50,5000,0.5553509593009949,0.08374997973442078,1.0951141121040564e-05,0.08380473405122757,0.09455094486474991
1,237,11660,0.24950000000000006,-0.4999999888241291,50,5000,0.5569315552711487,0.009799226187169552,0.0006417916738428175,0.013008184731006622,0.04352414980530739
1,238,11710,0.2463333333333334,-0.4999999888241291,50,5000,0.5541501045227051,0.0039007612504065037,1.7006574125844054e-05,0.003985794261097908,0.05260993540287018
1,239,11760,0.24316666666666675,-0.4999999888241291,50,5000,0.552374005317688,0.1815679371356964,0.0005260264151729643,0.1841980665922165,0.0020314492285251617
1,240,11810,0.24,-0.4999999888241291,50,5000,0.5531681180000305,0.12478146702051163,0.023652222007513046,0.24304258823394775,-0.026280518621206284
1,241,11860,0.23683333333333334,-0.4999999888241291,50,5000,0.5557929277420044,0.09342624992132187,5.614484689431265e-05,0.09370697289705276,-0.037621498107910156
1,242,11910,0.2336666666666667,-0.4999999888241291,50,5000,0.5584852695465088,0.013789962977170944,0.0009828900219872594,0.018704412505030632,-0.09184196591377258
1,243,11960,0.23050000000000004,-0.4999999888241291,50,5000,0.5550699830055237,0.08247672021389008,1.3650167602463625e-05,0.0825449675321579,-0.1454450935125351
1,244,12010,0.2273333333333334,-0.4999999888241291,50,5000,0.5537555813789368,0.0685797929763794,2.546959694882389e-05,0.06870713829994202,-0.24856172502040863
1,245,12060,0.22416666666666674,-0.4999999888241291,50,5000,0.5547888875007629,0.009550702758133411,2.502706047380343e-05,0.009675838053226471,-0.289159893989563
1,246,12110,0.22100000000000009,-0.4999999888241291,50,5000,0.5544832944869995,0.006886349059641361,4.169306521362159e-06,0.006907195784151554,-0.3442516326904297
1,247,12160,0.21783333333333332,-0.4999999888241291,50,5000,0.5552936792373657,0.004835105501115322,2.0434512407518923e-05,0.004937278106808662,-0.4333280920982361
1,248,12210,0.21466666666666667,-0.4999999888241291,50,5000,0.5570082664489746,0.005044401157647371,2.3797547328285873e-05,0.005163388792425394,-0.4551466703414917
1,249,12260,0.21150000000000002,-0.4999999888241291,50,5000,0.5582484006881714,0.00994960032403469,1.3235922779131215e-05,0.010015780106186867,-0.4972510039806366
1,250,12310,0.20833333333333337,-0.4999999888241291,50,5000,0.5613116025924683,0.007913941517472267,3.902808020939119e-05,0.008109081536531448,-0.5337399840354919
1,251,12360,0.20516666666666672,-0.4999999888241291,50,5000,0.5581538081169128,0.006586784031242132,3.193743759766221e-05,0.006746471393853426,-0.499087393283844
1,252,12410,0.20200000000000007,-0.4999999888241291,50,5000,0.5538133978843689,0.0049749212339520454,1.4217241186997853e-05,0.005046007223427296,-0.4822382926940918
1,253,12460,0.1988333333333333,-0.4999999888241291,50,5000,0.5534092783927917,0.004450878128409386,0.00031520493212156,0.006026902701705694,-0.3833616375923157
1,254,12510,0.19566666666666666,-0.4999999888241291,50,5000,0.5501883029937744,0.09286703169345856,1.7139514966402203e-05,0.09295272827148438,-0.3630792200565338
1,255,12560,0.1925,-0.4999999888241291,50,5000,0.5500637292861938,0.005816610995680094,1.3073169611743651e-05,0.005881976801902056,-0.295212984085083
1,256,12610,0.18933333333333335,-0.4999999888241291,50,5000,0.5531539916992188,0.00762528833001852,1.905802491819486e-05,0.007720578461885452,-0.303692102432251
1,257,12660,0.1861666666666667,-0.4999999888241291,50,5000,0.5512614250183105,0.08336008340120316,2.7734333343687467e-05,0.0834987536072731,-0.2521517276763916
1,258,12710,0.18300000000000005,-0.4999999888241291,50,5000,0.5436875224113464,0.008491616696119308,0.000598278536926955,0.011483009904623032,-0.20291343331336975
1,259,12755,0.1798333333333334,0.5600000098347664,45,5000,0.5413398146629333,0.1046600416302681,7.945538527565077e-05,0.10505732148885727,-0.18362334370613098
1,260,12805,0.17666666666666664,-0.4999999888241291,50,5000,0.5291877388954163,0.07303924113512039,0.0009313037153333426,0.07769575715065002,0.02286146581172943
1,261,12819,0.1735,0.8700000029057264,14,5000,0.5244420170783997,0.05160997435450554,0.00014029662997927517,0.05231145769357681,0.12008807063102722
1,262,12839,0.17033333333333345,0.8100000042468309,20,5000,0.5184542536735535,0.037493351846933365,0.000709177867975086,0.04103923961520195,0.2837914228439331
1,263,12889,0.16716666666666669,-0.4999999888241291,50,5000,0.5128934979438782,0.08250768482685089,0.00012864764721598476,0.08315092325210571,0.5946067571640015
1,264,12939,0.16400000000000003,-0.4999999888241291,50,5000,0.5089358687400818,0.012424544431269169,5.6125678383978084e-05,0.012705172412097454,0.6203291416168213
1,265,12989,0.16083333333333338,-0.4999999888241291,50,5000,0.5081660747528076,0.018269166350364685,1.453354434488574e-05,0.018341833725571632,0.6347382664680481
1,266,13039,0.15766666666666662,-0.4999999888241291,50,5000,0.508540689945221,0.008990702219307423,5.648613296216354e-06,0.009018945507705212,0.6680566668510437
1,267,13089,0.15450000000000008,-0.4999999888241291,50,5000,0.5075437426567078,0.006539895664900541,7.614683454448823e-06,0.006577969063073397,0.6495117545127869
1,268,13139,0.15133333333333343,-0.4999999888241291,50,5000,0.5063530802726746,0.10181434452533722,2.5045910660992377e-05,0.10193957388401031,0.5327568650245667
1,269,13189,0.14816666666666678,-0.4999999888241291,50,5000,0.5115624070167542,0.0036293487064540386,3.097718035860453e-06,0.003644837299361825,0.35206839442253113
1,270,13239,0.14500000000000002,-0.4999999888241291,50,5000,0.5154532194137573,0.10688948631286621,2.7356407372280955e-05,0.10702627152204514,0.2665656507015228
1,271,13289,0.14183333333333337,-0.4999999888241291,50,5000,0.5176893472671509,0.09324740618467331,0.0017810289282351732,0.10215254873037338,0.20713314414024353
1,272,13339,0.13866666666666672,-0.4999999888241291,50,5000,0.5178965926170349,0.0943189337849617,4.158320734859444e-06,0.09433972835540771,0.13146434724330902
1,273,13389,0.13550000000000006,-0.4999999888241291,50,5000,0.5200996398925781,0.11158094555139542,6.445111466746312e-06,0.11161316931247711,0.09429951012134552
1,274,13428,0.1323333333333334,0.6200000084936619,39,5000,0.5204494595527649,0.08265619724988937,1.4986959286034107e-05,0.08273113518953323,0.031118586659431458
1,275,13478,0.12916666666666676,-0.4999999888241291,50,5000,0.5209794044494629,0.17745980620384216,6.776701866328949e-06,0.17749369144439697,-0.005844415165483952
1,276,13528,0.126,-0.4999999888241291,50,5000,0.5252569317817688,0.008642907254397869,1.2012052138743456e-05,0.008702967315912247,-0.06101980060338974
1,277,13578,0.12283333333333335,-0.4999999888241291,50,5000,0.530860185623169,0.0071435715071856976,0.00020028471772093326,0.00814499519765377,-0.06348760426044464
1,278,13606,0.1196666666666667,0.7300000060349703,28,5000,0.5312369465827942,0.009264568798244,5.492557193065295e-06,0.00929203163832426,-0.07751491665840149
1,279,13656,0.11650000000000005,-0.4999999888241291,50,5000,0.5317656993865967,0.10353271663188934,6.115411451901309e-06,0.10356329381465912,-0.11992824077606201
1,280,13706,0.1133333333333334,-0.4999999888241291,50,5000,0.536997377872467,0.00882073026150465,2.2797214114689268e-05,0.008934716694056988,-0.14328894019126892
1,281,13756,0.11016666666666675,-0.4999999888241291,50,5000,0.5428469181060791,0.014592143706977367,5.9065645473310724e-05,0.014887471683323383,-0.1603788286447525
1,282,13806,0.1070000000000001,-0.4999999888241291,50,5000,0.5446321368217468,0.16669656336307526,0.0024359561502933502,0.1788763403892517,-0.17914584279060364
1,283,13856,0.10383333333333333,-0.4999999888241291,50,5000,0.5404744744300842,0.07133686542510986,0.001535290153697133,0.07901331782341003,-0.1722322255373001
1,284,13906,0.10066666666666668,-0.4999999888241291,50,5000,0.5365954637527466,0.027402915060520172,5.821629201818723e-06,0.027432022616267204,-0.19502702355384827
1,285,13956,0.09750000000000003,-0.4999999888241291,50,5000,0.5320758819580078,0.0806378498673439,4.8869689635466784e-05,0.08088219910860062,-0.18421071767807007
1,286,14006,0.09433333333333338,-0.4999999888241291,50,5000,0.526553750038147,0.1550806760787964,2.7703727027983405e-05,0.1552191972732544,-0.14780832827091217
1,287,14056,0.09116666666666673,-0.4999999888241291,50,5000,0.5232951045036316,0.23596876859664917,0.0006280630477704108,0.2391090840101242,-0.11294040828943253
1,288,14083,0.08800000000000008,0.7400000058114529,27,5000,0.5231006741523743,0.043481502681970596,0.0005774880992248654,0.04636894166469574,-0.09635338187217712
1,289,14133,0.08483333333333332,-0.4999999888241291,50,5000,0.5201918482780457,0.024663742631673813,9.393339496455155e-06,0.02471070922911167,0.04611366614699364
1,290,14183,0.08166666666666667,-0.4999999888241291,50,5000,0.5201619267463684,0.15085482597351074,0.00047860443009994924,0.15324784815311432,0.11665721237659454
1,291,14233,0.07850000000000001,-0.4999999888241291,50,5000,0.5164292454719543,0.07050634920597076,0.00041481107473373413,0.07258040457963943,0.15837375819683075
1,292,14283,0.07533333333333336,-0.4999999888241291,50,5000,0.5155758857727051,0.01047824788838625,5.165687070984859e-06,0.01050407625734806,0.16916808485984802
1,293,14333,0.07216666666666671,-0.4999999888241291,50,5000,0.5136433243751526,0.009479448199272156,1.700184293440543e-05,0.009564457461237907,0.1293199062347412
1,294,14383,0.06900000000000006,-0.4999999888241291,50,5000,0.5127434134483337,0.006769279483705759,0.00045640498865395784,0.009051304310560226,0.08463817834854126
1,295,14433,0.06583333333333341,-0.4999999888241291,50,5000,0.512039840221405,0.039759669452905655,0.027627378702163696,0.17789655923843384,0.023849768564105034
1,296,14483,0.06266666666666665,-0.4999999888241291,50,5000,0.5125736594200134,0.06484849750995636,2.5321380235254765e-05,0.06497510522603989,-0.006847502663731575
1,297,14515,0.0595,0.69000000692904,32,5000,0.5123249888420105,0.0690070167183876,0.00017756664601620287,0.06989485025405884,-0.0474855974316597
1,298,14565,0.05633333333333346,-0.4999999888241291,50,5000,0.5123816132545471,0.009289754554629326,3.111116529908031e-05,0.009445310570299625,-0.17764326930046082
1,299,14615,0.053166666666666695,-0.4999999888241291,50,5000,0.511685848236084,0.008569235913455486,3.767177986446768e-05,0.008757594972848892,-0.17443738877773285
1,300,14665,0.050000000000000044,-0.4999999888241291,50,5000,0.5113055109977722,0.015233214944601059,1.54830177052645e-05,0.015310630202293396,-0.17164069414138794
1,301,14715,0.05,-0.4999999888241291,50,5000,0.5108935832977295,0.1040034145116806,5.946824239799753e-05,0.10430075228214264,-0.1452256441116333
1,302,14765,0.05,-0.4999999888241291,50,5000,0.5109378695487976,0.02247004583477974,2.7291001970297657e-05,0.02260650135576725,-0.10097180306911469
1,303,14815,0.05,-0.4999999888241291,50,5000,0.5098750591278076,0.02418878674507141,2.5920557163772173e-05,0.0243183895945549,-0.013054624199867249
1,304,14865,0.05,-0.4999999888241291,50,5000,0.5088813304901123,0.12431637942790985,0.00018329257727600634,0.12523284554481506,0.020314380526542664
1,305,14915,0.05,-0.4999999888241291,50,5000,0.5078766345977783,0.08917561918497086,5.1586994231911376e-05,0.08943355083465576,0.13715387880802155
1,306,14965,0.05,-0.4999999888241291,50,5000,0.506327748298645,0.06629259884357452,1.665610761847347e-05,0.06637588143348694,0.24218448996543884
1,307,15015,0.05,-0.4999999888241291,50,5000,0.5079091787338257,0.10755332559347153,4.2012576159322634e-05,0.1077633872628212,0.1995803415775299
1,308,15065,0.05,-0.4999999888241291,50,5000,0.507726788520813,0.10641458630561829,0.00023413365124724805,0.10758525133132935,0.2409939467906952
1,309,15115,0.05,-0.4999999888241291,50,5000,0.508429765701294,0.09093538671731949,1.8305650883121416e-05,0.0910269170999527,0.2226467877626419
1,310,15165,0.05,-0.4999999888241291,50,5000,0.5089946389198303,0.19596481323242188,3.2099821964948205e-06,0.19598086178302765,0.23361779749393463
1,311,15215,0.05,-0.4999999888241291,50,5000,0.5090234875679016,0.005406839307397604,0.00012838441762141883,0.006048761308193207,0.15632934868335724
1,312,15265,0.05,-0.4999999888241291,50,5000,0.5097222924232483,0.0044547319412231445,1.968473952729255e-05,0.00455315550789237,0.07488737255334854
1,313,15315,0.05,-0.4999999888241291,50,5000,0.5094156265258789,0.004948473069816828,0.00017728818056639284,0.0058349138125777245,0.0881631001830101
1,314,15365,0.05,-0.4999999888241291,50,5000,0.5091103911399841,0.005206838715821505,1.1053296475438401e-05,0.005262105260044336,0.08402496576309204
1,315,15415,0.05,-0.4999999888241291,50,5000,0.5095681548118591,0.09633473306894302,0.00012226722901687026,0.09694606810808182,0.0823008343577385
1,316,15465,0.05,-0.4999999888241291,50,5000,0.5107415914535522,0.00987366121262312,1.934388819790911e-05,0.009970380924642086,0.08375760167837143
1,317,15515,0.05,-0.4999999888241291,50,5000,0.5106770992279053,0.06676007062196732,3.040014962607529e-05,0.06691206991672516,0.13675686717033386
1,318,15565,0.05,-0.4999999888241291,50,5000,0.5104973912239075,0.0034744832664728165,0.00010287930490449071,0.003988879732787609,0.0785709023475647
1,319,15615,0.05,-0.4999999888241291,50,5000,0.5132786631584167,0.004460358060896397,4.5852801122237e-05,0.004689622204750776,0.03712830692529678
1,320,15665,0.05,-0.4999999888241291,50,5000,0.5144779086112976,0.09950684756040573,6.6984603108721785e-06,0.0995403379201889,0.07120464742183685
1,321,15715,0.05,-0.4999999888241291,50,5000,0.5171698927879333,0.0041545988060534,3.325566649436951e-05,0.004320877138525248,0.07411134988069534
1,322,15765,0.05,-0.4999999888241291,50,5000,0.5205057263374329,0.0032676621340215206,2.738209559538518e-06,0.003281353274360299,0.06738646328449249
1,323,15815,0.05,-0.4999999888241291,50,5000,0.5216412544250488,0.09898068010807037,0.00011667984654195607,0.0995640829205513,0.05059773474931717
1,324,15865,0.05,-0.4999999888241291,50,5000,0.5218909978866577,0.002452124608680606,4.47520278612501e-06,0.0024745005648583174,0.07597438991069794
1,325,15915,0.05,-0.4999999888241291,50,5000,0.5248720049858093,0.13418522477149963,0.030450372025370598,0.28643709421157837,0.060522351413965225
1,326,15965,0.05,-0.4999999888241291,50,5000,0.5265001058578491,0.09053070843219757,7.387823188764742e-06,0.09056764841079712,0.07132169604301453
1,327,16015,0.05,-0.4999999888241291,50,5000,0.5251386165618896,0.005316196009516716,0.0002599711297079921,0.006616051774471998,0.04678066819906235
1,328,16065,0.05,-0.4999999888241291,50,5000,0.5245431065559387,0.09264490008354187,0.0001372114202240482,0.09333095699548721,0.05360496789216995
1,329,16115,0.05,-0.4999999888241291,50,5000,0.5232815742492676,0.08573872596025467,0.00018500519217923284,0.08666375279426575,0.04843234643340111
1,330,16165,0.05,-0.4999999888241291,50,5000,0.5222442746162415,0.09007951617240906,0.00014059442037250847,0.09078248590230942,0.02346045710146427
1,331,16215,0.05,-0.4999999888241291,50,5000,0.5191156268119812,0.047068748623132706,0.028064722195267677,0.18739235401153564,0.031858183443546295
1,332,16265,0.05,-0.4999999888241291,50,5000,0.5199857354164124,0.008124406449496746,3.332215783302672e-05,0.008291017264127731,0.008919727057218552
1,333,16315,0.05,-0.4999999888241291,50,5000,0.5233041644096375,0.049190178513526917,0.02973424829542637,0.1978614181280136,-0.0049118055030703545
1,334,16365,0.05,-0.4999999888241291,50,5000,0.525627851486206,0.0035240277647972107,7.481325883418322e-05,0.003898093942552805,-0.007620587944984436
1,335,16415,0.05,-0.4999999888241291,50,5000,0.5282021760940552,0.005711625330150127,8.006324787857011e-05,0.0061119417659938335,0.012998289428651333
1,336,16465,0.05,-0.4999999888241291,50,5000,0.5297471284866333,0.08162623643875122,0.00028351781656965613,0.08304382860660553,0.0061114453710615635
1,337,16515,0.05,-0.4999999888241291,50,5000,0.5333642959594727,0.08067198842763901,0.0004416468436829746,0.08288022130727768,-0.048805028200149536
1,338,16565,0.05,-0.4999999888241291,50,5000,0.5366855263710022,0.08057394623756409,0.00011045720020774752,0.08112623542547226,-0.08641006052494049
1,339,16615,0.05,-0.4999999888241291,50,5000,0.5376871228218079,0.15665949881076813,9.49651439441368e-06,0.15670698881149292,-0.08505108952522278
1,340,16665,0.05,-0.4999999888241291,50,5000,0.5352359414100647,0.008549872785806656,4.003664798801765e-05,0.00875005591660738,-0.14025305211544037
1,341,16715,0.05,-0.4999999888241291,50,5000,0.5330551266670227,0.006233770400285721,3.9675480365986004e-05,0.0064321476966142654,-0.19613920152187347
1,342,16765,0.05,-0.4999999888241291,50,5000,0.5300067067146301,0.003702345071360469,2.990786924783606e-05,0.0038518845103681087,-0.259798526763916
1,343,16815,0.05,-0.4999999888241291,50,5000,0.5266966819763184,0.01336655206978321,0.000270229036686942,0.01471769716590643,-0.24519872665405273
1,344,16865,0.05,-0.4999999888241291,50,5000,0.5182715058326721,0.1122535765171051,0.00017423326789867133,0.11312474310398102,-0.18935129046440125
1,345,16915,0.05,-0.4999999888241291,50,5000,0.5108733177185059,0.06844621896743774,1.152732966147596e-05,0.06850385665893555,-0.12404511868953705
1,346,16965,0.05,-0.4999999888241291,50,5000,0.49857816100120544,0.019753243774175644,0.000162354510393925,0.020565016195178032,-0.04055851325392723
1,347,17015,0.05,-0.4999999888241291,50,5000,0.4916028082370758,0.015694305300712585,2.8131024009780958e-05,0.015834961086511612,-0.03313865512609482
1,348,17065,0.05,-0.4999999888241291,50,5000,0.48480817675590515,0.05966537445783615,2.1721913071814924e-05,0.05977398529648781,-0.007510758936405182
1,349,17115,0.05,-0.4999999888241291,50,5000,0.4818337857723236,0.054124485701322556,1.963325667020399e-05,0.054222650825977325,0.055296171456575394
1,350,17147,0.05,0.69000000692904,32,5000,0.48147737979888916,0.05906279385089874,0.00018551798711996526,0.05999038368463516,0.06986420601606369
1,351,17197,0.05,-0.4999999888241291,50,5000,0.47940361499786377,0.009114098735153675,1.7799447959987447e-05,0.00920309592038393,0.05971121788024902
1,352,17207,0.05,0.9100000020116568,10,5000,0.47854965925216675,0.0640978291630745,6.12492294749245e-05,0.06440407782793045,0.07577404379844666
1,353,17257,0.05,-0.4999999888241291,50,5000,0.48416298627853394,0.060881707817316055,0.00021971698151901364,0.061980292201042175,0.1560477763414383
1,354,17307,0.05,-0.4999999888241291,50,5000,0.48548945784568787,0.01704857312142849,3.975862273364328e-05,0.017247365787625313,0.2382655292749405
1,355,17357,0.05,-0.4999999888241291,50,5000,0.4843996465206146,0.08641353249549866,0.0005327450344339013,0.08907725661993027,0.36816516518592834
1,356,17407,0.05,-0.4999999888241291,50,5000,0.47847476601600647,0.11373814940452576,1.3475137166096829e-05,0.11380552500486374,0.4109017550945282
1,357,17457,0.05,-0.4999999888241291,50,5000,0.47618576884269714,0.012619254179298878,0.0004806971410289407,0.01502273976802826,0.37743398547172546
1,358,17507,0.05,-0.4999999888241291,50,5000,0.4730501174926758,0.07773976773023605,0.0005026008584536612,0.08025277405977249,0.30255404114723206
1,359,17557,0.05,-0.4999999888241291,50,5000,0.4747540354728699,0.010357413440942764,0.00026998677640222013,0.011707346886396408,0.21261081099510193
1,360,17607,0.05,-0.4999999888241291,50,5000,0.47655948996543884,0.08031345903873444,0.00016243589925579727,0.0811256393790245,0.055591899901628494
1,361,17657,0.05,-0.4999999888241291,50,5000,0.47632908821105957,0.0097275972366333,6.9690118834842e-05,0.010076047852635384,0.031430937349796295
1,362,17707,0.05,-0.4999999888241291,50,5000,0.48167988657951355,0.014361667446792126,4.297115083318204e-05,0.014576523564755917,-0.018953146412968636
1,363,17757,0.05,-0.4999999888241291,50,5000,0.4839339256286621,0.052056603133678436,3.3054762752726674e-05,0.0522218756377697,0.009417575784027576
1,364,17807,0.05,-0.4999999888241291,50,5000,0.48626500368118286,0.013057034462690353,0.0003044581972062588,0.014579325914382935,0.013989455997943878
1,365,17857,0.05,-0.4999999888241291,50,5000,0.49198928475379944,0.014201579615473747,0.00018072486273013055,0.015105203725397587,0.05529583618044853
1,366,17907,0.05,-0.4999999888241291,50,5000,0.49366092681884766,0.011464599519968033,0.00028300893609412014,0.012879644520580769,0.06095516309142113
1,367,17957,0.05,-0.4999999888241291,50,5000,0.49604642391204834,0.08166062831878662,0.00030721956863999367,0.0831967294216156,0.050605058670043945
1,368,18007,0.05,-0.4999999888241291,50,5000,0.49531689286231995,0.01282327901571989,0.0002401359670329839,0.014023958705365658,0.008967210538685322
1,369,18057,0.05,-0.4999999888241291,50,5000,0.4929533898830414,0.0411803312599659,0.00014852678577881306,0.04192296415567398,0.10089270770549774
1,370,18107,0.05,-0.4999999888241291,50,5000,0.49130979180336,0.17894890904426575,6.2949737184681e-05,0.1792636513710022,0.12929099798202515
1,371,18157,0.05,-0.4999999888241291,50,5000,0.48391422629356384,0.013113001361489296,4.8834815970622e-05,0.013357175514101982,0.2141265720129013
1,372,18207,0.05,-0.4999999888241291,50,5000,0.4801667630672455,0.00811003614217043,7.744676258880645e-05,0.008497269824147224,0.25418925285339355
1,373,18257,0.05,-0.4999999888241291,50,5000,0.47685709595680237,0.16176040470600128,1.2618607797776349e-05,0.16182349622249603,0.2624886631965637
1,374,18307,0.05,-0.4999999888241291,50,5000,0.47351065278053284,0.07392322272062302,2.697915624594316e-05,0.07405811548233032,0.25235429406166077
1,375,18357,0.05,-0.4999999888241291,50,5000,0.47352349758148193,0.009888619184494019,0.00017613545060157776,0.010769296437501907,0.257299542427063
1,376,18407,0.05,-0.4999999888241291,50,5000,0.47132980823516846,0.010527991689741611,1.2359496395220049e-05,0.010589789599180222,0.2581731081008911
1,377,18457,0.05,-0.4999999888241291,50,5000,0.46927881240844727,0.011114075779914856,3.0285764296422713e-05,0.01126550417393446,0.24490408599376678
1,378,18507,0.05,-0.4999999888241291,50,5000,0.4680788218975067,0.22089801728725433,2.4802475309115835e-05,0.22102202475070953,0.24738018214702606
1,379,18557,0.05,-0.4999999888241291,50,5000,0.46686968207359314,0.11204179376363754,1.6208023225772195e-05,0.11212283372879028,0.24799595773220062
1,380,18607,0.05,-0.4999999888241291,50,5000,0.46571335196495056,0.107330322265625,2.9591566999442875e-05,0.10747828334569931,0.27008500695228577
1,381,18657,0.05,-0.4999999888241291,50,5000,0.4637489318847656,0.006214686203747988,8.980920938483905e-06,0.006259590853005648,0.295955628156662
1,382,18707,0.05,-0.4999999888241291,50,5000,0.4622046947479248,0.0030737738125026226,1.3972781744087115e-05,0.0031436376739293337,0.3192955255508423
1,383,18757,0.05,-0.4999999888241291,50,5000,0.45980969071388245,0.004720655269920826,5.4247124353423715e-05,0.004991890862584114,0.34958842396736145
1,384,18807,0.05,-0.4999999888241291,50,5000,0.45468926429748535,0.0030799023807048798,1.0926037248282228e-05,0.0031345325987786055,0.36551713943481445
1,385,18857,0.05,-0.4999999888241291,50,5000,0.44584816694259644,0.09938393533229828,3.544611172401346e-05,0.0995611622929573,0.4093623161315918
1,386,18907,0.05,-0.4999999888241291,50,5000,0.4298454821109772,0.09812581539154053,1.884554512798786e-05,0.09822004288434982,0.33867013454437256
1,387,18957,0.05,-0.4999999888241291,50,5000,0.41893869638442993,0.020826777443289757,2.9994105716468766e-05,0.020976748317480087,0.18007168173789978
1,388,19007,0.05,-0.4999999888241291,50,5000,0.41461485624313354,0.057810842990875244,0.00012419073027558625,0.05843179672956467,0.12868525087833405
1,389,19057,0.05,-0.4999999888241291,50,5000,0.40552404522895813,0.1580551266670227,6.364957516780123e-05,0.1583733707666397,0.20793017745018005
1,390,19107,0.05,-0.4999999888241291,50,5000,0.4021686613559723,0.0200517475605011,7.34546993044205e-05,0.02041902020573616,0.23982790112495422
1,391,19157,0.05,-0.4999999888241291,50,5000,0.40032434463500977,0.1198880597949028,1.3304415915627033e-05,0.11995457857847214,0.2214215099811554
1,392,19207,0.05,-0.4999999888241291,50,5000,0.40068891644477844,0.009972210973501205,1.0444905456097331e-05,0.010024435818195343,0.1905815601348877
1,393,19257,0.05,-0.4999999888241291,50,5000,0.40372732281684875,0.012005708180367947,6.0139529523439705e-05,0.012306406162679195,0.012857687659561634
1,394,19307,0.05,-0.4999999888241291,50,5000,0.40335381031036377,0.051549509167671204,0.029056722298264503,0.19683311879634857,-0.07616925239562988
1,395,19357,0.05,-0.4999999888241291,50,5000,0.4047502279281616,0.09584309160709381,1.1812722732429393e-05,0.09590215235948563,-0.24104614555835724
1,396,19407,0.05,-0.4999999888241291,50,5000,0.407021164894104,0.022178353741765022,8.185315527953207e-05,0.022587619721889496,-0.2962971329689026
1,397,19457,0.05,-0.4999999888241291,50,5000,0.3979329764842987,0.028546903282403946,6.824054435128346e-05,0.02888810634613037,-0.28452548384666443
1,398,19507,0.05,-0.4999999888241291,50,5000,0.38341012597084045,0.09015503525733948,5.747178147430532e-05,0.09044239670038223,-0.21603506803512573
1,399,19557,0.05,-0.4999999888241291,50,5000,0.37309980392456055,0.10430578142404556,0.028895657509565353,0.24878406524658203,-0.15197791159152985
1,400,19607,0.05,-0.4999999888241291,50,5000,0.36540910601615906,0.026052633300423622,2.4082313757389784e-05,0.026173043996095657,-0.2038748860359192
1,401,19657,0.05,-0.4999999888241291,50,5000,0.3553662896156311,0.08200636506080627,4.1746807255549356e-05,0.08221510052680969,-0.2123640924692154
1,402,19707,0.05,-0.4999999888241291,50,5000,0.35110604763031006,0.1361341029405594,3.514541094773449e-05,0.13630983233451843,-0.13083191215991974
1,403,19757,0.05,-0.4999999888241291,50,5000,0.3496003746986389,0.09121260046958923,0.00015931310190353543,0.09200916439294815,-0.07058287411928177
1,404,19767,0.05,0.9100000020116568,10,5000,0.3514828085899353,0.0386633574962616,0.000109032254840713,0.03920852020382881,-0.0447826012969017
1,405,19817,0.05,-0.4999999888241291,50,5000,0.3502301573753357,0.16510210931301117,1.6117199265863746e-05,0.1651826947927475,-0.010281918570399284
1,406,19829,0.05,0.8900000024586916,12,5000,0.3511323928833008,0.12380792200565338,2.5434044800931588e-05,0.12393508851528168,0.024544671177864075
1,407,19879,0.05,-0.4999999888241291,50,5000,0.3520905077457428,0.03320867568254471,7.17535731382668e-05,0.03356744349002838,0.14588609337806702
1,408,19929,0.05,-0.4999999888241291,50,5000,0.35445791482925415,0.019783221185207367,5.139172571944073e-05,0.020040180534124374,0.19933949410915375
1,409,19979,0.05,-0.4999999888241291,50,5000,0.3546545207500458,0.04443580284714699,3.5371180274523795e-05,0.04461265727877617,0.21754387021064758
1,410,20029,0.05,-0.4999999888241291,50,5000,0.35279837250709534,0.11687563359737396,4.080268263351172e-05,0.11707964539527893,0.2396790236234665
1,411,20079,0.05,-0.4999999888241291,50,5000,0.3504045307636261,0.020688124001026154,1.5957766663632356e-05,0.02076791226863861,0.2611796259880066
1,412,20129,0.05,-0.4999999888241291,50,5000,0.3472926616668701,0.12445072084665298,3.759251194423996e-05,0.12463868409395218,0.22848868370056152
1,413,20179,0.05,-0.4999999888241291,50,5000,0.35015058517456055,0.11760677397251129,3.081264003412798e-05,0.11776083707809448,0.24752308428287506
1,414,20229,0.05,-0.4999999888241291,50,5000,0.3528301417827606,0.08261483162641525,7.413123967126012e-05,0.08298549056053162,0.30297547578811646
1,415,20279,0.05,-0.4999999888241291,50,5000,0.35620400309562683,0.008402525447309017,2.018961458816193e-05,0.008503473363816738,0.3258504271507263
1,416,20329,0.05,-0.4999999888241291,50,5000,0.3578137755393982,0.006271802354604006,2.1888168703299016e-05,0.006381243001669645,0.33913615345954895
1,417,20379,0.05,-0.4999999888241291,50,5000,0.3593460023403168,0.08650512993335724,2.4242037397925742e-05,0.08662634342908859,0.2861233055591583
1,418,20429,0.05,-0.4999999888241291,50,5000,0.36061573028564453,0.009373536333441734,5.942227289779112e-05,0.009670647792518139,0.2806253433227539
1,419,20479,0.05,-0.4999999888241291,50,5000,0.36206889152526855,0.18217401206493378,3.08421476802323e-05,0.1823282241821289,0.23707535862922668
1,420,20529,0.05,-0.4999999888241291,50,5000,0.36231449246406555,0.004092377610504627,2.2751552023692057e-05,0.004206135403364897,0.21445322036743164
1,421,20579,0.05,-0.4999999888241291,50,5000,0.3623073399066925,0.0061845979653298855,1.813651942939032e-05,0.006275280378758907,0.16697275638580322
1,422,20629,0.05,-0.4999999888241291,50,5000,0.3625712990760803,0.003975014667958021,2.7923308152821846e-05,0.004114631097763777,0.18352116644382477
1,423,20679,0.05,-0.4999999888241291,50,5000,0.3632000982761383,0.003687359392642975,1.0650519470800646e-05,0.0037406119517982006,0.1135915070772171
1,424,20729,0.05,-0.4999999888241291,50,5000,0.3655237555503845,0.27511754631996155,3.2219009881373495e-05,0.27527862787246704,0.0930609181523323
1,425,20779,0.05,-0.4999999888241291,50,5000,0.36685189604759216,0.005169493146240711,5.666394372383365e-06,0.005197824910283089,0.022570062428712845
1,426,20829,0.05,-0.4999999888241291,50,5000,0.3689647316932678,0.004066005814820528,8.028307092899922e-06,0.004106147214770317,-0.014234879985451698
1,427,20879,0.05,-0.4999999888241291,50,5000,0.3715004026889801,0.0028409624937921762,7.702924449404236e-06,0.0028794771060347557,-0.06186635419726372
1,428,20929,0.05,-0.4999999888241291,50,5000,0.37398993968963623,0.08585172146558762,1.0045176168205217e-05,0.08590194582939148,-0.1127714142203331
1,429,20979,0.05,-0.4999999888241291,50,5000,0.37584003806114197,0.003809999907389283,1.0014195140684023e-05,0.003860070835798979,-0.1674213856458664
1,430,21029,0.05,-0.4999999888241291,50,5000,0.37908509373664856,0.004718152806162834,6.628515984630212e-05,0.005049578845500946,-0.23484507203102112
1,431,21079,0.05,-0.4999999888241291,50,5000,0.38217779994010925,0.08784949779510498,1.9590492229326628e-05,0.08794745057821274,-0.2671926021575928
1,432,21129,0.05,-0.4999999888241291,50,5000,0.3819216191768646,0.005027273204177618,2.0259087250451557e-05,0.0051285685040056705,-0.27541452646255493
1,433,21179,0.05,-0.4999999888241291,50,5000,0.38300076127052307,0.16813991963863373,9.345104444946628e-06,0.16818664968013763,-0.3248072862625122
1,434,21229,0.05,-0.4999999888241291,50,5000,0.38327932357788086,0.0037815910764038563,2.2472388081951067e-05,0.003893953049555421,-0.40058571100234985
1,435,21279,0.05,-0.4999999888241291,50,5000,0.37888067960739136,0.004930585157126188,6.504654447780922e-05,0.005255817901343107,-0.40216511487960815
1,436,21329,0.05,-0.4999999888241291,50,5000,0.3746807873249054,0.0038143324200063944,2.2817279386799783e-05,0.0039284187369048595,-0.4293500781059265
1,437,21379,0.05,-0.4999999888241291,50,5000,0.3714243173599243,0.0027029686607420444,1.5323987099691294e-05,0.00277958856895566,-0.4041960537433624
1,438,21429,0.05,-0.4999999888241291,50,5000,0.37080055475234985,0.004511835519224405,7.838901365175843e-05,0.00490378076210618,-0.32860061526298523
1,439,21479,0.05,-0.4999999888241291,50,5000,0.36969873309135437,0.00415198877453804,3.899172952515073e-05,0.004346947185695171,-0.373247891664505
1,440,21529,0.05,-0.4999999888241291,50,5000,0.37108591198921204,0.01043349876999855,1.283471101487521e-05,0.010497672483325005,-0.33806973695755005
1,441,21579,0.05,-0.4999999888241291,50,5000,0.36936575174331665,0.15355445444583893,4.561564128380269e-05,0.15378253161907196,-0.28563088178634644
1,442,21629,0.05,-0.4999999888241291,50,5000,0.36609598994255066,0.012474700808525085,7.415646541630849e-05,0.012845482677221298,-0.2738128900527954
1,443,21679,0.05,-0.4999999888241291,50,5000,0.36344441771507263,0.16948062181472778,5.156123734195717e-05,0.16973842680454254,-0.24106431007385254
1,444,21729,0.05,-0.4999999888241291,50,5000,0.3642343580722809,0.006330165080726147,5.6647877499926835e-05,0.006613404490053654,-0.2433743178844452
1,445,21779,0.05,-0.4999999888241291,50,5000,0.3613179326057434,0.008572995662689209,7.175642531365156e-05,0.008931777440011501,-0.13837862014770508
1,446,21829,0.05,-0.4999999888241291,50,5000,0.35897985100746155,0.00655787019059062,1.2500217053457163e-05,0.006620371248573065,-0.057497553527355194
1,447,21879,0.05,-0.4999999888241291,50,5000,0.35978877544403076,0.005615395028144121,2.7109370421385393e-05,0.0057509420439600945,-0.017483990639448166
1,448,21929,0.05,-0.4999999888241291,50,5000,0.35966408252716064,0.06489654630422592,3.8250542274909094e-05,0.06508780270814896,-0.05576743930578232
1,449,21979,0.05,-0.4999999888241291,50,5000,0.36001214385032654,0.003977512940764427,1.260661429114407e-05,0.004040545783936977,-0.09403031319379807
1,450,22022,0.05,0.5800000093877316,43,5000,0.3598111569881439,0.005335146561264992,1.938095192599576e-05,0.00543205114081502,-0.125331312417984
1,451,22072,0.05,-0.4999999888241291,50,5000,0.3597176969051361,0.0035904019605368376,1.5727355275885202e-05,0.003669038647785783,-0.10733305662870407
1,452,22098,0.05,0.7500000055879354,26,5000,0.3600873649120331,0.004852273967117071,1.4003324395162053e-05,0.004922290798276663,-0.11925314366817474
1,453,22148,0.05,-0.4999999888241291,50,5000,0.3605571389198303,0.006488777231425047,1.1922989870072342e-05,0.006548392120748758,-0.09159746766090393
1,454,22198,0.05,-0.4999999888241291,50,5000,0.3608434498310089,0.07947207242250443,1.2562813935801387e-05,0.07953488826751709,-0.09429439902305603
1,455,22212,0.05,0.8700000029057264,14,5000,0.36092936992645264,0.011376414448022842,5.8764187997439876e-05,0.01167023554444313,-0.0725250244140625
1,456,22262,0.05,-0.4999999888241291,50,5000,0.36182618141174316,0.006770815700292587,7.494517194572836e-05,0.007145541720092297,-0.06673595309257507
1,457,22312,0.05,-0.4999999888241291,50,5000,0.3615300953388214,0.08377651125192642,0.0001178044403786771,0.08436553180217743,-0.053471747785806656
1,458,22362,0.05,-0.4999999888241291,50,5000,0.3613574206829071,0.10265593230724335,5.276712909108028e-05,0.10291976481676102,-0.0885385274887085
1,459,22412,0.05,-0.4999999888241291,50,5000,0.35896575450897217,0.05151072144508362,3.450164876994677e-05,0.051683228462934494,-0.017370320856571198
1,460,22461,0.05,0.5200000107288361,49,5000,0.3579421639442444,0.0339449867606163,8.648160292068496e-05,0.03437739610671997,-0.022408051416277885
1,461,22511,0.05,-0.4999999888241291,50,5000,0.35821694135665894,0.07885052263736725,2.3423172024195082e-05,0.0789676383137703,0.03236856311559677
1,462,22561,0.05,-0.4999999888241291,50,5000,0.3606288433074951,0.0293563362210989,2.9657916456926614e-05,0.029504625126719475,0.03222692012786865
1,463,22611,0.05,-0.4999999888241291,50,5000,0.360095351934433,0.010897920466959476,1.981185414479114e-05,0.010996979661285877,0.0512370727956295
1,464,22661,0.05,-0.4999999888241291,50,5000,0.3638042211532593,0.069624163210392,3.7528934626607224e-05,0.06981180608272552,-0.00768008828163147
1,465,22711,0.05,-0.4999999888241291,50,5000,0.36559516191482544,0.0898689553141594,2.817165841406677e-05,0.09000981599092484,0.029479263350367546
1,466,22761,0.05,-0.4999999888241291,50,5000,0.36851274967193604,0.05706913769245148,0.029502293094992638,0.20458060503005981,-0.035758331418037415
1,467,22811,0.05,-0.4999999888241291,50,5000,0.3690932095050812,0.009239362552762032,1.720395994198043e-05,0.009325382299721241,-0.028739064931869507
1,468,22861,0.05,-0.4999999888241291,50,5000,0.3702089190483093,0.010678059421479702,1.6423749912064523e-05,0.010760177858173847,-0.02309124730527401
1,469,22911,0.05,-0.4999999888241291,50,5000,0.37044909596443176,0.07928677648305893,2.053557545877993e-05,0.07938945293426514,-0.027968594804406166
1,470,22961,0.05,-0.4999999888241291,50,5000,0.3706420660018921,0.011379809118807316,1.978370528377127e-05,0.01147872768342495,-0.028916947543621063
1,471,23011,0.05,-0.4999999888241291,50,5000,0.3709210157394409,0.00835677981376648,2.608168142614886e-05,0.008487188257277012,-0.021055031567811966
1,472,23061,0.05,-0.4999999888241291,50,5000,0.3715938627719879,0.07668077945709229,3.814095180132426e-05,0.07687148451805115,-0.017546821385622025
1,473,23111,0.05,-0.4999999888241291,50,5000,0.37247002124786377,0.004662899766117334,2.683465208974667e-05,0.00479707308113575,-0.01665104553103447
1,474,23161,0.05,-0.4999999888241291,50,5000,0.37285107374191284,0.007006980013102293,1.9808099750662223e-05,0.0071060205809772015,-0.024276144802570343
1,475,23211,0.05,-0.4999999888241291,50,5000,0.3756695091724396,0.06442767381668091,3.941372051485814e-05,0.06462474167346954,-0.015163768082857132
1,476,23261,0.05,-0.4999999888241291,50,5000,0.37458890676498413,0.08123389631509781,5.57065723114647e-05,0.08151242882013321,0.02623431757092476
1,477,23311,0.05,-0.4999999888241291,50,5000,0.3730333149433136,0.07343388348817825,1.2410275303409435e-05,0.07349593192338943,0.03582002595067024
1,478,23361,0.05,-0.4999999888241291,50,5000,0.3722490966320038,0.009772347286343575,2.157396011170931e-05,0.009880216792225838,0.05150744318962097
1,479,23411,0.05,-0.4999999888241291,50,5000,0.37025758624076843,0.10310113430023193,3.1711806514067575e-05,0.10325969010591507,0.056965846568346024
1,480,23461,0.05,-0.4999999888241291,50,5000,0.3675123453140259,0.11328592151403427,4.980911035090685e-05,0.11353496462106705,0.0227196104824543
1,481,23511,0.05,-0.4999999888241291,50,5000,0.36551177501678467,0.004489281680434942,1.477913792768959e-05,0.004563177470117807,-0.049616217613220215
1,482,23561,0.05,-0.4999999888241291,50,5000,0.36419007182121277,0.09420400857925415,2.8153141101938672e-05,0.09434477239847183,-0.12084434926509857
1,483,23611,0.05,-0.4999999888241291,50,5000,0.3638698160648346,0.06765114516019821,2.533697806939017e-05,0.06777782738208771,-0.12827017903327942
1,484,23661,0.05,-0.4999999888241291,50,5000,0.36585232615470886,0.09128135442733765,5.7778892369242385e-05,0.09157025068998337,-0.07593340426683426
1,485,23711,0.05,-0.4999999888241291,50,5000,0.3660028576850891,0.010860128328204155,6.442050653276965e-05,0.011182230897247791,-0.07519836723804474
1,486,23761,0.05,-0.4999999888241291,50,5000,0.36701086163520813,0.007269904017448425,5.2264771511545405e-05,0.007531228009611368,-0.1274239718914032
1,487,23811,0.05,-0.4999999888241291,50,5000,0.36816033720970154,0.008985127322375774,4.406208245200105e-05,0.009205438196659088,-0.07575710862874985
1,488,23861,0.05,-0.4999999888241291,50,5000,0.3700079023838043,0.027546487748622894,0.02840050682425499,0.16954901814460754,-0.1063334047794342
1,489,23908,0.05,0.5400000102818012,47,5000,0.37136968970298767,0.0653897374868393,4.110737791052088e-05,0.06559527665376663,-0.16855889558792114
1,490,23958,0.05,-0.4999999888241291,50,5000,0.37182262539863586,0.0060025956481695175,6.116964505054057e-05,0.00630844384431839,-0.11366386711597443
1,491,24004,0.05,0.5500000100582838,46,5000,0.3698886036872864,0.00978859607130289,2.1879384803469293e-05,0.009897992946207523,-0.12612788379192352
1,492,24054,0.05,-0.4999999888241291,50,5000,0.3709873557090759,0.012038536369800568,5.0184145948151127e-05,0.012289457023143768,-0.07939603179693222
1,493,24082,0.05,0.7300000060349703,28,5000,0.3747817575931549,0.054559364914894104,1.9159220755682327e-05,0.05465516075491905,-0.07792774587869644
1,494,24094,0.05,0.8900000024586916,12,5000,0.37618350982666016,0.004474214743822813,3.7685269489884377e-05,0.004662641324102879,-0.10464844107627869
1,495,24144,0.05,-0.4999999888241291,50,5000,0.37283965945243835,0.051491592079401016,3.5368626413401216e-05,0.0516684353351593,-0.08074309676885605
1,496,24172,0.05,0.7300000060349703,28,5000,0.37342920899391174,0.04896104708313942,4.009492840850726e-05,0.04916152358055115,-0.08848363906145096
1,497,24222,0.05,-0.4999999888241291,50,5000,0.376697301864624,0.013108690269291401,5.2727267757290974e-05,0.013372326269745827,-0.10358939319849014
1,498,24272,0.05,-0.4999999888241291,50,5000,0.38197293877601624,0.020737972110509872,1.4788264707021881e-05,0.020811913534998894,-0.1125895157456398
1,499,24322,0.05,-0.4999999888241291,50,5000,0.3857024013996124,0.12745577096939087,0.0001271740038646385,0.12809164822101593,-0.06004729121923447
1,500,24372,0.05,-0.4999999888241291,50,5000,0.3896912932395935,0.05756208300590515,4.219687980366871e-05,0.05777306854724884,-0.06465074419975281
